,Title
0,ğŸ“¢ Viblo Talk 2024: Cyber & AI - Láº­p trÃ¬nh an toÃ n thá»i AI | ChÃ­nh thá»©c má»Ÿ Ä‘Æ¡n Ä‘Äƒng kÃ½ ğŸ“¢
1,Kháº£o sÃ¡t Viblo: Nhu cáº§u phÃ¡t triá»ƒn sá»± nghiá»‡p IT toÃ n cáº§u
2,ğŸ›¡ï¸ âš”ï¸ Smart Contracts Common Attack Vectors and Solutions ğŸ“œ
3,[LLM 101]  Thá»­ táº¡o bá»™ nhá»› ngáº¯n háº¡n cho LLM Agent sá»­ dá»¥ng LangChain
4,"ğŸ” Understanding Ethereum ECDSA, EIP-712 and Its Role in Permit Functionality ğŸ§¾"
5,Build Web Server : Chuáº©n bá»‹ nguyÃªn liá»‡u
6,Lá»‡nh `ls` trong Linux
7,Triá»ƒn khai aws load balancer controller cho EKS
8,How to Choose the Right Tech Stack for Mobile App Development
9,Máº­t mÃ£ RSA - pháº§n 4
10,Active Directory Domain Services in computer network - Active Directory Domain Services trong máº¡ng mÃ¡y tÃ­nh (pháº§n 1)
11,Potential Benefits of Developing Cryptocurrency MLM Software
12,[LLM] Sá»­ dá»¥ng RAGAs vÃ  LlamaIndex Ä‘á»ƒ Ä‘Ã¡nh giÃ¡ cháº¥t lÆ°á»£ng RAG
13,BaÌ€i toaÌn cÃ¢y khung nhoÌ‰ nhÃ¢Ìt
14,Liá»‡u cÃ³ cáº§n báº±ng cáº¥p Ä‘á»ƒ trá»Ÿ thÃ nh má»™t Business Analyst chuyÃªn nghiá»‡p
15,Má»™t sá»‘ tips Ä‘á»ƒ trÃ¡nh lá»—i NullPointerException trong Java
16,So sÃ¡nh Ä‘iá»ƒm khÃ¡c nhau giá»¯a ETL vÃ  ELT
17,ğŸ”¥ Viblo Talk 2024: Cyber & AI - Láº­p trÃ¬nh an toÃ n thá»i AI | Giá»›i thiá»‡u Speaker ğŸ”¥
18,REST vÃ  GraphQL: Lá»±a chá»n API phÃ¹ há»£p cho dá»± Ã¡n cá»§a báº¡n
19,KhÃ¡m phÃ¡ tháº¿ giá»›i khÃ³a SSH: CÃ¡c loáº¡i khÃ³a vÃ  á»©ng dá»¥ng báº£o máº­t
20,Top 5 lá»±a chá»n mÃ£ nguá»“n má»Ÿ thay tháº¿ cho phÃ¡t triá»ƒn LLM mÃ  báº¡n pháº£i biáº¿t
21,"7 thÆ° viá»‡n mÃ£ nguá»“n má»Ÿ Ä‘á»ƒ xÃ¢y dá»±ng RAG, Agents & AI Search"
22,11 khÃ¡i niá»‡m TypeScript nÃ¢ng cao má»i láº­p trÃ¬nh viÃªn nÃªn biáº¿t
23,Bug báº£o máº­t vÃ  gÃ³c nhÃ¬n tá»« nhiá»u phÃ­a
24,Há»c vÃ  thi CISSP
25,LÃ m tháº¿ nÃ o Ä‘á»ƒ láº¥y Ä‘Æ°á»£c chá»©ng chá»‰ SSCP
26,ğŸ“ Common Solidity Interview Questions ğŸ“œ
27,14 cÃ´ng cá»¥ khai thÃ¡c dá»¯ liá»‡u hÃ ng Ä‘áº§u báº¡n cáº§n biáº¿t vÃ o nÄƒm 2024
28,Render Hierarchy Data Table in ReactJS
29,ğŸ“ 50 Common Blockchain Interview Questions ğŸ§©
30,5 CÃ´ng cá»¥ Docker tuyá»‡t vá»i giÃºp cÃ´ng viá»‡c cá»§a báº¡n trá»Ÿ nÃªn dá»… dÃ ng hÆ¡n
31,"Báº­t ngá»­a vá»›i 15 ""quÃ¡i chiÃªu"" cá»§a JavaScript cÃ³ thá»ƒ khiáº¿n báº¡n pháº£i suy nghÄ© khÃ¡c"
32,Tá»« khÃ³a 'this' trong JavaScript: HÆ°á»›ng dáº«n cho ngÆ°á»i má»›i báº¯t Ä‘áº§u
33,HÆ°á»›ng dáº«n sá»­ dá»¥ng Prometheus vÃ  Grafana trong Java: GiÃ¡m sÃ¡t hiá»‡u nÄƒng á»©ng dá»¥ng
34,Giá»›i háº¡n tá»‘c Ä‘á»™ API Golang báº±ng Redis
35,"âš¡ğŸš€ ReactJS, TypeScript, Vite with Redux and TanStack (React Query) In Practice âš›ï¸"
36,HÆ°á»›ng dáº«n sá»­ dá»¥ng Tableau Public cho ngÆ°á»i má»›i báº¯t Ä‘áº§u
37,Why Now Is the Perfect Time to Build a Crypto Forex Trading Platform?
38,How to Launch a Successful Solana Meme Coin: A Step-by-Step Guide
39,Sá»± khÃ¡c biá»‡t giá»¯a StringBuilder vÃ  StringBuffer trong Java: Lá»±a chá»n nÃ o phÃ¹ há»£p cho báº¡n?
40,Láº­p trÃ¬nh hÃ m: KhÃ¡m phÃ¡ sá»©c máº¡nh cá»§a sá»± tinh táº¿
41,Nhá»¯ng máº·t háº¡n cháº¿ cá»§a JavaScript Ã­t ngÆ°á»i biáº¿t tá»›i
42,XÃ¢y dá»±ng há»‡ thá»‘ng Ä‘Äƒng nháº­p an toÃ n cho Node.js: HÆ°á»›ng dáº«n chi tiáº¿t vÃ  cÃ¡c chiáº¿n lÆ°á»£c báº£o máº­t hÃ ng Ä‘áº§u
43,Redis: KhÃ¡m phÃ¡ nhá»¯ng Ä‘iá»u cÆ¡ báº£n
44,ğŸ“˜ TypeScript with ReactJS All in One âš›ï¸
45,Top 10 Best CRM Software for eCommerce in 2024
46,RACE - ChÃ¬a khÃ³a giáº£i mÃ£ thÃ nh cÃ´ng sáº£n pháº©m cho Business Analyst
47,HÃ m MÅ©i TÃªn trong JavaScript: Lá»£i tháº¿ vÆ°á»£t trá»™i so vá»›i hÃ m truyá»n thá»‘ng
48,Modal vÃ  Dialog: Sá»± khÃ¡c biá»‡t vÃ  cÃ¡ch sá»­ dá»¥ng hiá»‡u quáº£ trong thiáº¿t káº¿ UI
49,Caching vÃ  CDN: Sá»± khÃ¡c biá»‡t vÃ  cÃ¡ch tá»‘i Æ°u hÃ³a hiá»‡u suáº¥t website
50,Táº¡o logic tÃ¡i sá»­ dá»¥ng vá»›i Custom Hooks trong React
51,Singleton Design Pattern: Quáº£n lÃ½ tráº¡ng thÃ¡i toÃ n cá»¥c trong á»©ng dá»¥ng
52,#7 Custom nhÃ¢n váº­t EzySmashers
53,20 bÃ­ kÃ­p JavaScript mÃ  má»i láº­p trÃ¬nh vÃªn Ä‘á»u nÃªn biáº¿t
54,Microservice in action - Data mapping over services
55,LaÌ€m thÃªÌ naÌ€o Ä‘ÃªÌ‰ giaÌ‰m thiÃªÌ‰u phaÌ£m vi leo thang trong dÆ°Ì£ aÌn
56,The Role of Stablecoins in E-Commerce and Cross-Border Transactions.
57,"PhÃ¢n biá»‡t, khi nÃ o nÃªn dÃ¹ng @Component, @Service, vÃ  @Repository trong Spring"
58,Vai troÌ€ thiÃªÌt yÃªÌu cuÌ‰a Business Analyst trong dÆ°Ì£ aÌn chuyÃªÌ‰n Ä‘Ã´Ì‰i sÃ´Ì
59,Docker Engine lÃ  gÃ¬?
60,[Há»– TRá»¢ TRUYá»€N THÃ”NG] Viblo Ä‘á»“ng hÃ nh cÃ¹ng webinar Tech.IT Forward#4 Agile Software Development
61,Sá»± báº¥t biáº¿n cá»§a String vÃ  giáº£i phÃ¡p hiá»‡u quáº£ trong Java
62,"Tinymce - thÆ° viá»‡n TextEditor so â€œpowerfulâ€, báº£n free ráº¥t chÃ¡y vÃ  dá»… cÃ i Ä‘áº·t"
63,Fuzzing HTTP Services trong Golang: KhÃ¡m phÃ¡ lá»—i áº©n vá»›i Fuzz Testing
64,TÃ­ch há»£p Tailwind CSS vá»›i Django: HÆ°á»›ng dáº«n chi tiáº¿t kÃ¨m vÃ­ dá»¥
65,CÃ¡ch sá»­ dá»¥ng LangChain vÃ  GPT Ä‘á»ƒ phÃ¢n tÃ­ch nhiá»u tÃ i liá»‡u
66,Tá»± Ä‘á»™ng hÃ³a quy trÃ¬nh lÃ m viá»‡c trÃªn GitHub cho á»©ng dá»¥ng Python vÃ  React
67,Rust: Zero to production (Pháº§n 1)
68,Kinh nghiá»‡m dá»‹ch chuyá»ƒn Microsoft SQL Server - Migrate Microsoft SQL Server
69,âš¡ğŸš€ Quickly Understand Existing React Projects (or any Others) Using Github Copilot ğŸ¤–
70,YOLOv8-Pose Giáº£i PhÃ¡p Cho BÃ i ToÃ¡n PhÃ¡t Hiá»‡n ID Card/ Biá»ƒn Sá»‘ Xe
71,Dá»¯ Liá»‡u â€“ TÃ i Sáº£n QuÃ½ GiÃ¡ Cá»§a Thá»i Äáº¡i 4.0
72,ğŸ… Valuable IT Certificates And How To Achieve Them ğŸ†
73,ğŸš€ Awesome Resources For Learning About System Design âš¡
74,KhÃ¡m phÃ¡ giao diá»‡n Power Apps & CÃ¡c cÃ¡ch táº¡o á»©ng dá»¥ng dá»… dÃ ng
75,Chinh phá»¥c CCSP trong gáº§n 2 thÃ¡ng thÃ¡ng (2024)
76,Top 5 chá»©ng chá»‰ phÃ¢n tÃ­ch dá»¯ liá»‡u tá»‘t nháº¥t 2024
77,[Clean code] Source code hoÃ n háº£o thÃ¬ khÃ´ng cÃ³ quÃ¡ nhiá»u comments?
78,XÃ¢y dá»±ng website vá»›i React vÃ  Rest API: HÆ°á»›ng dáº«n cÆ¡ báº£n
79,Go: Vá»‹ cá»©u tinh má»›i trong tháº¿ giá»›i DevOps
80,HÆ°á»›ng dáº«n cÃ i Ä‘áº·t Jest Testing cho á»©ng dá»¥ng Node.js
81,Top 10+ thÆ° viá»‡n UI Ä‘á»™ng hÃºt máº¯t cho dá»± Ã¡n cá»§a báº¡n
82,15 cÃ´ng cá»¥ vÃ  nguá»“n tÃ i nguyÃªn cáº§n thiáº¿t cho láº­p trÃ¬nh viÃªn Frontend
83,NgÃ´i trÆ°á»ng thá»© 3 cá»§a tÃ´i: Viáº¿t blog
84,CÃ¡ch nhanh nháº¥t Ä‘á»ƒ xÃ¢y dá»±ng dá»± Ã¡n React vÃ o nÄƒm 2025 (cÃ¡c cÃ´ng cá»¥ má»›i nháº¥t)
85,Viáº¿t Shorten URL báº±ng TALL stack
86,Cháº¡y WordPress trÃªn ServBay (Táº¡m biá»‡t Docker/XAMPP/MAMP)
87,Log táº­p trung lÃ  gÃ¬? Táº¡i sao cáº§n trong microservices (pháº§n 1)
88,KhÃ¡m phÃ¡ tháº¿ giá»›i API vÃ  hÆ°á»›ng dáº«n xÃ¢y dá»±ng API riÃªng
89,Quáº£n lÃ½ vÃ  tá»‘i Æ°u hÃ³a bá»™ nhá»› JavaScript cho á»©ng dá»¥ng quy mÃ´ lá»›n: ChÃ¬a khÃ³a cho hiá»‡u nÄƒng vÆ°á»£t trá»™i
90,9 dá»± Ã¡n mÃ£ nguá»“n má»Ÿ há»¯u Ã­ch cho má»i láº­p trÃ¬nh viÃªn
91,WebSocket: ChÃ¬a khÃ³a má»Ÿ ra tháº¿ giá»›i giao tiáº¿p thá»i gian thá»±c
92,KhÃ¡m phÃ¡ cÃ¡c máº«u thiáº¿t káº¿ cho Back-end: XÃ¢y dá»±ng há»‡ thá»‘ng vá»¯ng cháº¯c vÃ  hiá»‡u quáº£
93,Keyset Pagination (Truy váº¥n theo Last ID) â€“ Giáº£i PhÃ¡p Tá»‘i Æ¯u Cho Dá»¯ Liá»‡u Lá»›n
94,Giáº£i ThÃ­ch IoC (Inversion of Control) Báº±ng VÃ­ Dá»¥ Dá»… Hiá»ƒu
95,Táº§m quan trá»ng cá»§a an ninh máº¡ng Ä‘á»‘i vá»›i nhÃ  phÃ¢n tÃ­ch nghiá»‡p vá»¥
96,Cuá»™c Táº¥n CÃ´ng DDoS 3.8 Tbps vÃ  CÃ¡ch Cloudflare Váº«n Äá»©ng Vá»¯ng VÃ ng
97,Giá»›i thiá»‡u tá»•ng quan vá» kiáº¿n trÃºc cá»§a Docker
98,20 KhÃ¡i niá»‡m JavaScript quan trá»ng cáº§n biáº¿t khi Ä‘i phá»ng váº¥n
99,ThÃ nh pháº§n Image trong Next.js: Giáº£i phÃ¡p cho hiá»‡n tÆ°á»£ng Layout Shift
100,Docker hÃ³a vÃ  triá»ƒn khai API Fastify: HÆ°á»›ng dáº«n chi tiáº¿t tá»« A Ä‘áº¿n Z
101,VÃ­ dá»¥ vá» phÆ°Æ¡ng thá»©c Ä‘á»‘i tÆ°á»£ng JavaScript tá»« cÆ¡ báº£n Ä‘áº¿n nÃ¢ng cao
102,Kiáº¿n trÃºc hÆ°á»›ng sá»± kiá»‡n (EDA) trong C#: Giáº£i thÃ­ch qua vÃ­ dá»¥ thá»±c táº¿
103,XÃ³a nhÃ¡nh Git an toÃ n: dá»n dáº¹p kho mÃ£ cá»§a báº¡n
104,11 kho Github há»¯u Ã­ch cho viá»‡c há»c Node.js
105,Náº¯m vá»¯ng Git Tag vÃ  Checkout: HÆ°á»›ng dáº«n chi tiáº¿t cho láº­p trÃ¬nh viÃªn
106,DFCD 2024: ChÃºng tÃ´i Ä‘Ã£ giá»¯ vá»¯ng giáº£i thÆ°á»Ÿng nhÆ° tháº¿ nÃ o?
107,XÃ¢y dá»±ng há»‡ thá»‘ng xÃ¡c thá»±c JWT trong á»©ng dá»¥ng Node.js chá»‰ vá»›i 8 bÆ°á»›c Ä‘Æ¡n giáº£n
108,Docker hiá»‡u quáº£ vÃ  an toÃ n: 10 BÃ­ quyáº¿t tá»‘i Æ°u tá»« A Ä‘áº¿n Z
109,Self-Attention vÃ  Multi-head Sefl-Attention trong Transformers
110,Setup Canary release trÃªn Kubernetes vá»›i Nginx Ingress vÃ  tÃ­ch há»£p vá»›i Github Actions
111,DOM áº£o: Giáº£i phÃ¡p cho hiá»‡u suáº¥t render mÆ°á»£t mÃ 
112,"BÃ­ quyáº¿t viáº¿t Code Typescript ""cháº¥t"" hÆ¡n: HÆ°á»›ng dáº«n tá»‘i Æ°u code sáº¡ch, hiá»‡u quáº£ vÃ  kháº£ nÄƒng má»Ÿ rá»™ng"
113,Cáº©m nang Linux toÃ n táº­p dÃ nh cho ngÆ°á»i má»›i báº¯t Ä‘áº§u!
114,BÃ­ quyáº¿t báº£o máº­t á»©ng dá»¥ng node.js: HÆ°á»›ng dáº«n toÃ n diá»‡n
115,Ngá»«ng sá»­ dá»¥ng Try-Catch: Má»™t cÃ¡ch tá»‘t hÆ¡n Ä‘á»ƒ xá»­ lÃ½ lá»—i trong JavaScript
116,.NET Framework vÃ  .NET Core: Hiá»ƒu Biáº¿t CÆ¡ Báº£n vÃ  LÃ½ Do Chá»n .NET Core
117,CÆ¡ báº£n so sÃ¡nh vá» .net core vÃ  .net framework cho ngÆ°á»i má»›i
118,CÆ¡ báº£n hÆ°á»›ng Ä‘á»‘i tÆ°á»£ng trong C#
119,2 lá»— há»•ng XSS: Tá»« Open Redirect Ä‘áº¿n Reflected XSS vÃ  100â‚¬
120,Tá»« backend há»c DevOps qua viá»‡c Do-It-Yourself
121,ğŸ¹ Golang Integration with Kafka and Uber ZapLog ğŸ“¨
122,Äáº£m báº£o kháº£ nÄƒng sáºµn sÃ ng cao cho á»©ng dá»¥ng trÃªn Kubernetes - High Availability for application on Kubernetes
123,"ğŸŒ Golang gRPC with Auth Interceptor, Streaming and Gateway in Practice ğŸ¹"
124,Triton Inference Server Tutorial
125,CÃ³ gÃ¬ bÃªn trong Java Garbage collector
126,19 lá»‡nh Linux nÃ¢ng cao báº¡n nÃªn biáº¿t!
127,CÃ¡ch xá»­ lÃ½ nhiá»u yÃªu cáº§u tranh cháº¥p má»™t tÃ i nguyÃªn á»Ÿ cÃ¹ng má»™t thá»i Ä‘iá»ƒm khi scaling Kubernetes Pod
128,Game-Changing Features Your Crypto MLM Software Needs Now
129,"So SÃ¡nh Nhanh: PHP, Node.js, Django vÃ  Spring Boot"
130,Comprehensive Crypto MLM Software Development Services
131,[LLM 101] Tháº£o luáº­n cÃ¡c váº¥n Ä‘á» vá» Finetune Large Language Models
132,ğŸ’» Common Kafka Commands and Core Concepts ğŸ“¨
133,Error detection - Kiá»ƒm soÃ¡t lá»—i (pháº§n 2)
134,Kiáº¿n trÃºc Monolith vÃ  Microservices: Lá»±a chá»n nÃ o phÃ¹ há»£p cho dá»± Ã¡n cá»§a báº¡n?
135,Java: Vá»¯ng vÃ ng dáº«n Ä‘áº§u trong Ä‘iá»‡n toÃ¡n Ä‘Ã¡m mÃ¢y vÃ  trÃ­ tuá»‡ nhÃ¢n táº¡o nÄƒm 2024
136,NestJS vÃ  Encore.ts: Lá»±a chá»n framework nÃ o cho Microservices TypeScript cá»§a báº¡n?
137,set.has() soÃ¡n ngÃ´i array.includes(): BÃ­ kÃ­p tÃ¬m kiáº¿m tháº§n tá»‘c trong JavaScript
138,HÆ°á»›ng dáº«n káº¿t ná»‘i Prisma vá»›i Postgres: XÃ¢y dá»±ng á»©ng dá»¥ng quáº£n lÃ½ thÆ° viá»‡n
139,12 cÃ´ng cá»¥ há»¯u Ã­ch dÃ nh cho láº­p trÃ¬nh viÃªn báº¡n sáº½ tiáº¿c vÃ¬ khÃ´ng biáº¿t sá»›m hÆ¡n
140,Vanilla JS: Táº¡o mÃ£ QR vá»›i VietQR
141,Giá»›i thiá»‡u vá» NextJS
142,Surfshark vs NordVPN: Expert VPN Service Analysis
143,Xá»­ lÃ½ CSS khi lÃ m viá»‡c vá»›i kiáº¿n trÃºc Microfrontend
144,Sá»­ dá»¥ng Cheat Engine giáº£i cÃ¡c thá»­ thÃ¡ch Hackthebox GamePwn - CubeBreaker (Tiáº¿p)
145,Bypass SSL Pinning Twilio Chat
146,PHP sáº½ phá»• biáº¿n hÆ¡n vÃ o nÄƒm 2025?
147,Tá»‘i Æ°u hÃ³a RAG cho dá»¯ liá»‡u cÃ³ cáº¥u trÃºc vá»›i Text2SQL
148,[LLM 101 - Paper reading] SaulLM-7B: A pioneering Large Language Model for Law
149,Error detection - Kiá»ƒm soÃ¡t lá»—i (pháº§n 1)
150,Nghá»‡ thuáº­t xá»­ lÃ½ lá»—i: Tá»« Try-Catch Ä‘áº¿n Result Types
151,Xá»­ lÃ½ upload vÃ  download file trong Cypress: HÆ°á»›ng dáº«n chi tiáº¿t
152,So sÃ¡nh cÃ¡c cÃ´ng cá»¥ chuyá»ƒn Ä‘á»•i hÃ¬nh áº£nh sang HTML hÃ ng Ä‘áº§u hiá»‡n nay
153,LÃ m cÃ¡ch nÃ o Ä‘á»ƒ cháº¡y GitHub Actions workflows á»Ÿ mÃ´i trÆ°á»ng Local?
154,5 dá»± Ã¡n mÃ£ nguá»“n má»Ÿ giÃºp nÃ¢ng táº§m quy trÃ¬nh AI cá»§a báº¡n
155,Lá»£i Ã­ch cá»§a Ä‘iá»‡n toÃ¡n Ä‘Ã¡m mÃ¢y: Táº¡i sao doanh nghiá»‡p nÃªn chuyá»ƒn Ä‘á»•i?
156,RESTful API: Kiáº¿n thá»©c thiáº¿t yáº¿u cho Backend Developers (pháº§n 1)
157,"DB-GPT: á»¨ng dá»¥ng LLM trong viá»‡c phÃ¢n tÃ­ch, truy váº¥n dá»¯ liá»‡u"
158,Táº¥n cÃ´ng DDoS: Hiá»ƒu rÃµ báº£n cháº¥t vÃ  tÃ¡c Ä‘á»™ng Ä‘áº¿n doanh nghiá»‡p
159,TLS Fingerprint vÃ  váº¥n Ä‘á» TLS Fingerprint cá»§a Website vá»›i Burp Suite
160,Sá»­ dá»¥ng HyDE Ä‘á»ƒ cáº£i thiá»‡n hiá»‡u nÄƒng RAG cho LLM
161,"ğŸŒ Golang RESTful API with Gin, Gorm, Redis Cache ğŸ’¾"
162,#6 XÃ¢y dá»±ng giao diá»‡n game báº±ng EzySmasher
163,ğŸ’» Common MySQL Commands ğŸ¬
164,CÃ¡ch cÃ i Power BI cho MacBook tá»« Ä‘Æ¡n giáº£n Ä‘áº¿n nÃ¢ng cao
165,[LLM 101] Thá»­ cÃ i Ä‘áº·t Decomposed Low-Rank Adaptation (DoRA)
166,BÃ­ áº©n Ä‘áº±ng sau phÃ©p tÃ­nh 0.1 + 0.2 trong JavaScript: Lá»—i hay tÃ­nh nÄƒng?
167,Random access protocols in computer network - Äiá»u k truy nháº­p ngáº«u nhiÃªn trong máº¡ng mÃ¡y tÃ­nh (pháº§n 2)
168,ğŸ’» Common Redis Commands ğŸ’¾
169,ğŸ’» Common MongoDB Commands ğŸŒ±
170,"MÃ n hÃ¬nh xÆ°Æ¡ng (Skeleton screen): BÃ­ quyáº¿t tá»‘i Æ°u tráº£i nghiá»‡m web ""Tháº§n tá»‘c"""
171,Báº£o máº­t á»©ng dá»¥ng JavaScript: Lá»— há»•ng phá»• biáº¿n vÃ  thá»±c tiá»…n tá»‘t nháº¥t
172,LÃ m chá»§ JavaScript: BÃ­ quyáº¿t viáº¿t code sáº¡ch hÆ¡n vá»›i toÃ¡n tá»­ 3 ngÃ´i
173,LÃ m tháº¿ nÃ o Ä‘á»ƒ báº¯t Ä‘áº§u sá»± nghiá»‡p trong lÄ©nh vá»±c Ä‘iá»‡n toÃ¡n Ä‘Ã¡m mÃ¢y?
174,Nginx: LÃ¡ cháº¯n thÃ©p báº£o vá»‡ website khá»i DDoS
175,çŸ¥ã£ã¦ãŠãã¹ãã‚·ã‚¹ãƒ†ãƒ è¨­è¨ˆã®ç”¨èªãƒˆãƒƒãƒ—50
176,"ğŸš€ ğ…ğ«ğ¨ğ§ğ­ğğ§ğ ğğğ«ğŸğ¨ğ«ğ¦ğšğ§ğœğ - MÃ´ hÃ¬nh ""Trá»¥c quay"" tá»‘i Æ°u Frontend"
177,ğŸ’» Common PostgreSQL Commands ğŸ˜
178,NÃ¢ng cao ká»¹ nÄƒng prompting Ä‘i thÃ´i!!!
179,15å¹´å‰ã®ã‚ˆã†ã«Pythonãƒ—ãƒ­ã‚¸ã‚§ã‚¯ãƒˆã‚’ä½œã‚‹ã®ã¯ã‚„ã‚ã¾ã—ã‚‡ã†...
180,Docker Desktopã®ä½¿ç”¨ã‚’ã‚„ã‚ã‚ˆã†ï¼šèª°ã‚‚ä½¿ã‚ãªã„é«˜é€Ÿãªä»£æ›¿æ‰‹æ®µ
181,The Ultimate Guide to Booking Affordable Last-Minute Flights
182,"CÃ¡c phÆ°Æ¡ng phÃ¡p thá»±c hÃ nh, máº¹o vÃ  thá»§ thuáº­t hay nháº¥t cá»§a Laravel cho nÄƒm 2025"
183,"ğŸŒ Building Golang RESTful API with Gin, MongoDB ğŸŒ±"
184,[LLM 101 - Paper reading] Large Language Models are Superpositions of All Characters: Attaining Arbitrary Role-play via Self-Alignment
185,Why Full Arch Implants Are the Key to a Complete Smile Makeover
186,Random access protocols in computer network - Äiá»u khiá»ƒn truy nháº­p ngáº«u nhiÃªn trong máº¡ng mÃ¡y tÃ­nh (pháº§n 1)
187,Choosing the Right Communication Protocol for Connecting Applications: A Comprehensive Guide
188,ÄÃ´i chÃºt vá» Label Assignment trong Object Detection
189,"7 dá»± Ã¡n web ""nháº­p mÃ´n"" lÃ½ tÆ°á»Ÿng cho láº­p trÃ¬nh viÃªn má»›i vÃ o nghá»"
190,20 bÃ­ kÃ­p JavaScript khÃ´ng thá»ƒ bá» qua cho má»i láº­p trÃ¬nh viÃªn
191,Design pattern: Chain of Responsibility Ã¡p dá»¥ng trong dá»± Ã¡n nhÆ° tháº¿ nÃ o?
192,Cá»™ng Ä‘á»“ng dÃ nh cho láº­p trÃ¬nh viÃªn: 5 Há»™i nhÃ³m khÃ´ng thá»ƒ bá» qua
193,12 dá»± Ã¡n mÃ£ nguá»“n má»Ÿ Ä‘Ã¡ng kinh ngáº¡c báº¡n nÃªn khÃ¡m phÃ¡
194,React 18: TÃ­nh nÄƒng ná»•i báº­t vÃ  nÃ¢ng cáº¥p cáº§n biáº¿t cho ngÆ°á»i má»›i báº¯t Ä‘áº§u
195,ğŸ³ TÃ¬m Hiá»ƒu NHANH vá» Docker
196,Sá»­ dá»¥ng NestJS Microservices vá»›i Laravel.
197,ã‚·ã‚¹ãƒ†ãƒ è¨­è¨ˆã«ãŠã‘ã‚‹ãƒ¡ãƒƒã‚»ãƒ¼ã‚¸ã‚­ãƒ¥ãƒ¼
198,ğŸ“š Understand More About RDBMS and NoSQL Through Analyzing PostgreSQL and MongoDB
199,Paper reading | Táº¡o Ã¢m thanh tá»« vÄƒn báº£n sá»­ dá»¥ng Latent Diffusion Models
200,XÃ¡c suáº¥t (Pháº§n 2)
201,[Java] Váº½ Ä‘á»“ thá»‹ hÃ m sá»‘ báº±ng JPanel Ä‘Æ¡n giáº£n
202,Rate limiter with Redis and Golang
203,POWER AUTOMATE LÃ€ GÃŒ? TÃŒM HIá»‚U Lá»¢I ÃCH VÃ€ á»¨NG Dá»¤NG THá»°C Táº¾ - INDA ACADEMY
204,"âš¡ ğŸš€ Quickly Start Dev Environment For MySQL, PostgreSQL, MongoDB, Redis, and Kafka Using Docker Compose ğŸ”¥"
205,KUBERNETES AUTOSCALING WITH CUSTOM METRICS.
206,HÃ nh TrÃ¬nh PhÃ¡t Triá»ƒn Háº¡ Táº§ng Ká»¹ Thuáº­t cá»§a Facebook: Tá»« Khá»Ÿi Nguá»“n Äáº¿n Há»‡ Thá»‘ng PhÃ¢n TÃ¡n ToÃ n Cáº§u
207,12 Trá»£ thá»§ láº­p trÃ¬nh AI Ä‘á»‰nh cao cho dÃ¢n Dev
208,"Golang Integration Test With Gin, Gorm, Testify, PostgreSQL"
209,[Voice-Speech to text] KhÃ¡m phÃ¡ Whisper vÃ  cÃ´ng cá»¥ API chuyá»ƒn Ä‘á»•i Ã¢m thanh thÃ nh vÄƒn báº£n Deepgram
210,"ğŸŒ XÃ¢y Dá»±ng Golang RESTful API Vá»›i Gin, Gorm, PostgreSQL ğŸ˜"
211,"ğŸŒ Golang RESTful API with Gin, Gorm, PostgreSQL ğŸ˜"
212,14 thÆ° viá»‡n React há»¯u Ã­ch cho má»i láº­p trÃ¬nh viÃªn
213,KhÃ¡m phÃ¡ má»i thá»© vá» List trong Python
214,20 bÃ­ kÃ­p TypeScript mÃ  má»i láº­p trÃ¬nh viÃªn Ä‘á»u nÃªn biáº¿t
215,ThoÃ¡t khá»i Ä‘á»‹a ngá»¥c Callback: BÃ­ quyáº¿t viáº¿t JavaScript báº¥t Ä‘á»“ng bá»™ sáº¡ch Ä‘áº¹p
216,Tá»« Web2 Äáº¿n Web3: Cuá»™c PhiÃªu LÆ°u Cá»§a Má»™t Frontend Developer!
217,3 Ã tÆ°á»Ÿng dá»± Ã¡n Docker: HÆ°á»›ng dáº«n chi tiáº¿t vá»›i Code vÃ  giáº£i thÃ­ch
218,Lá»™ trÃ¬nh trá»Ÿ thÃ nh má»™t Power BI Developer 2024?
219,IDOR vÃ  lá»— há»•ng vá»±c dáº­y tinh tháº§n
220,Understanding PostgreSQL: An Introduction
221,KhÃ¡m phÃ¡ chi tiáº¿t vá» console API trong JavaScript
222,Top 5 cÃ´ng cá»¥ MLOPS nguá»“n má»Ÿ giÃºp nÃ¢ng cao nÄƒng suáº¥t lÃ m viá»‡c
223,"12 thÆ° viá»‡n Javascript ""siÃªu há»¯u Ã­ch"" giÃºp báº¡n chinh phá»¥c Front-End"
224,[LLM 101 - Paper reading] TÃ¬m hiá»ƒu Corrective Retrieval Augmented Generation (CRAG)
225,4 lá»—i thÆ°á»ng gáº·p khi sá»­ dá»¥ng Usestate trong React
226,Java Debugging: Cáº©m nang gá»¡ lá»—i toÃ n táº­p
227,Using SQL Triggers to Send Notices and Automate Actions
228,Implementing Auditing in Java for Tracking Data Changes
229,#5 Báº¯t Ä‘áº§u custom Ezysmashers thÃ nh game wukong phiÃªn báº£n viá»‡t Nam
230,Node.js: Äi sÃ¢u vÃ o nhá»¯ng bÃ­ máº­t cá»§a mÃ´-Ä‘un CommonJS
231,CÃ¢u chuyá»‡n vá» haproxy vÃ  websocket qua buá»•i phá»ng váº¥n DevOps
232,ğŸ“ Tá»•ng Há»£p 30 CÃ¢u Há»i Phá»ng Váº¥n PostgreSQL ThÆ°á»ng Gáº·p ğŸ˜
233,ğŸ“ 30 Common PostgreSQL Interview Questions ğŸ˜
234,CÃ´ng cá»¥ kiá»ƒm thá»­ thá»§ cÃ´ng (manual testing tools) so vá»›i trÃ­ tuá»‡ nhÃ¢n táº¡o
235,Example That Covers Many Common Features Of PostgreSQL
236,ğŸ”¥ Must Notes When Using Open Sources ğŸ§©
237,8 cÃ´ng cá»¥ giÃºp báº¡n xÃ¢y dá»±ng ná»n táº£ng Saas Ä‘áº§u tay
238,Sá»©c máº¡nh cá»§a CDN: NÃ¢ng táº§m hiá»‡u suáº¥t cho dá»± Ã¡n Front-End
239,HÆ°á»›ng dáº«n cÃ¡ch tá»± xÃ¢y dá»±ng Container Registry cho riÃªng mÃ¬nh
240,LÃ m chá»§ tÆ°Æ¡ng tÃ¡c cÆ¡ sá»Ÿ dá»¯ liá»‡u trong node.js vá»›i Sequelize ORm
241,BÃ³c tÃ¡ch JavaScript: Biá»ƒu thá»©c vÃ  cÃ¢u lá»‡nh - khÃ¡c biá»‡t náº±m á»Ÿ Ä‘Ã¢u?
242,How to Deploy a Spring Boot Application on Apache Tomcat: A Complete Guide
243,#4 CÃ¹ng tÃ¬m hiá»ƒu cáº¥u trÃºc game ezySmashers
244,Luyá»‡n JavaScript báº±ng cÃ¡ch viáº¿t script auto cho game
245,Staging Environment And Its Deployments
246,ğŸ”‘ JWT Tokens VS Session Cookies in Authentication and Authorization ğŸª
247,"ğŸ”¥ RESTful API, Something You Might Not Know âš¡"
248,Thiáº¿t láº­p MacBook 2024 cá»§a tÃ´i Ä‘á»ƒ phÃ¡t triá»ƒn pháº§n má»m
249,Ká»¹ thuáº­t báº£o máº­t container nÃ¢ng cao cho Devsecops Pipelines
250,Kiáº¿n trÃºc Clean Code trong Laravel: HÆ°á»›ng dáº«n thá»±c hÃ nh
251,HÆ°á»›ng dáº«n Dockerize vÃ  Triá»ƒn khai á»¨ng dá»¥ng Astro
252,7 cÃ´ng cá»¥ há»¯u Ã­ch giÃºp láº­p trÃ¬nh viÃªn web tÄƒng nÄƒng suáº¥t
253,ThÃ´ng bÃ¡o vá» sá»± cá»‘ trÃªn Viblo Platform ngÃ y 21-22/10/2024
254,"ğŸ› ï¸ DB MIGRATION FOR GOLANG SERVICES, WHY IT MATTERS?"
255,Hands on | Thá»­ táº¡o Machine Learning models vá»›i BigQuery ML trÃªn Google Cloud
256,"Giá»›i thiá»‡u Helm, viáº¿t Helm Chart Ä‘áº§u tiÃªn vÃ  publish lÃªn Github"
257,#3 Thá»±c hiá»‡n xÃ¢y dá»±ng webGL cho EzySmashers
258,Data Management in Data Science: Best Practices for Effective Analysis
259,[Phá»ng váº¥n Golang] Pointer lÃ  gÃ¬ vÃ  Æ°u nhÆ°á»£c Ä‘iá»ƒm cá»§a nÃ³?
260,Multiplexing (Channel Sharing) - CÃ¡c phÆ°Æ¡ng phÃ¡p chia kÃªnh
261,Náº¯m vá»¯ng nhá»¯ng khÃ¡i niá»‡m React nÃ y sáº½ Ä‘Æ°a báº¡n vÃ o top láº­p trÃ¬nh viÃªn React
262,Hiá»ƒu vá» kiá»ƒu dá»¯ liá»‡u Boolean trong PHP
263,HÆ°á»›ng dáº«n chi tiáº¿t thiáº¿t láº­p API chá»¥p áº£nh mÃ n hÃ¬nh Puppeteer trÃªn Ubuntu
264,"LÃ m chá»§ JavaScript: Xá»­ lÃ½ Null, Undefined vÃ  Quáº£n lÃ½ dá»¯ liá»‡u hiá»‡u quáº£"
265,LLM 101 | FlashAttention: Fast and Memory-Efficient Exact Attention with IO-Awareness
266,"5 Plugin VS Code ""Nhá» mÃ  cÃ³ vÃµ"" cho láº­p trÃ¬nh viÃªn má»›i: NÃ¢ng táº§m tráº£i nghiá»‡m láº­p trÃ¬nh"
267,Quy hoáº¡ch Ä‘á»™ng trÃªn cÃ¢y
268,"""Thá»£ xÃ¢y"" tÃ¬m hiá»ƒu vá» Big Data tá»« con sá»‘ ""0"""
269,Máº­t mÃ£ RSA - pháº§n 3
270,20 lá»‡nh Git há»¯u Ã­ch  má»i Láº­p trÃ¬nh viÃªn nÃªn biáº¿t
271,"SQL Processing, quÃ¡ trÃ¬nh 1 cÃ¢u query Ä‘Æ°á»£c thá»±c thi nhÆ° tháº¿ nÃ o"
272,Selenium vá»›i Chromedriver trÃªn EC2
273,"CÃ¡c ká»¹ thuáº­t cáº£i thiá»‡n hiá»‡u suáº¥t, tÃ­nh sáºµn sÃ ng vÃ  má»Ÿ rá»™ng cá»§a cÆ¡ sá»Ÿ dá»¯ liá»‡u trong cÃ¡c há»‡ thá»‘ng lá»›n"
274,Session vs Token Based Authentication
275,What is  index in a database?
276,#2 Import mÃ£ nguá»“n dá»± Ã¡n vÃ o intelliJ Ä‘á»ƒ chuáº©n bá»‹ tuá»³ biáº¿n EzySmashers theo Ã½ thÃ­ch cá»§a báº¡n
277,The Expertise Required for Effective Solution Architecture
278,Database Optimization: Effective Techniques
279,HTTP Request/Response logging sá»­ dá»¥ng Spring WebFlux
280,#1  Giá»›i thiá»‡u vá» EzySmashers - game MMO phÃ¡t triá»ƒn tá»« ngÆ°á»i Viá»‡t
281,AI in Production Planning: Transforming the Manufacturing Landscape
282,8 Must-Have Software for Programmers on Mac
283,TOP 10 ngÃ´n ngá»¯ láº­p trÃ¬nh cho Khoa há»c dá»¯ liá»‡u
284,KhÃ¡m phÃ¡ 46 cÃ¢u há»i phá»ng váº¥n Java dÃ nh cho láº­p trÃ¬nh viÃªn
285,20 thá»§ thuáº­t git trÃªn dÃ²ng lá»‡nh mÃ  má»i láº­p trÃ¬nh viÃªn Ä‘á»u nÃªn biáº¿t
286,23 CÃ´ng cá»¥ trá»±c quan hÃ³a dá»¯ liá»‡u tá»‘t nháº¥t 2024 (Pháº§n 2)
287,Táº¥t táº§n táº­t vá» cÃ¡ch sá»­ dá»¥ng Object trong JavaScript
288,Con chim xanh Duolingo vÃ  bÃ i toÃ¡n gá»­i 4 triá»‡u notification trong 5s
289,NgÆ°á»i lÆ°á»i viáº¿t bÃ¡o cÃ¡o hÃ ng ngÃ y dÃ¹ng Ruby vÃ  Google Gemini
290,GiÃ¡m sÃ¡t Redis vá»›i Prometheus Exporter vÃ  Grafana
291,Triá»ƒn khai Jenkins trÃªn Kubernetes vá»›i Helm: HÆ°á»›ng dáº«n chi tiáº¿t
292,Numba - Python on steroid
293,"GOLANG INTEGRATION TEST Vá»šI GIN, GORM, TESTIFY, MYSQL"
294,"GOLANG INTEGRATION TEST WITH GIN, GORM, TESTIFY, MYSQL"
295,8 cÃ¢u há»i quan trá»ng mÃ  má»i chuyÃªn gia PHP nÃªn tráº£ lá»i
296,7 máº¹o phá»ng váº¥n thÃ nh cÃ´ng dÃ nh cho Fresher Business Analyst
297,ğŸ“ Tá»”NG Há»¢P 100 CÃ‚U Há»I PHá»NG Váº¤N GOLANG THÆ¯á»œNG Gáº¶P ğŸ¹
298,MiniCPM-V: Mang sá»©c máº¡nh cá»§a Multimodal LLM ngang táº§m GPT4-V lÃªn thiáº¿t bá»‹ di Ä‘á»™ng
299,ğŸ“ 100 COMMON GOLANG INTERVIEW QUESTIONS ğŸ¹
300,KhÃ¡m phÃ¡ React: tá»« vÃ²ng Ä‘á»i cá»§a Component Ä‘áº¿n sá»©c máº¡nh cá»§a Useeffect Hook
301,JavaScript: BÃ­ áº©n vÃ²ng láº·p sá»± kiá»‡n (Event Loop)
302,20+ cÃ¢u há»i phá»ng váº¥n Python báº¡n pháº£i thuá»™c náº±m lÃ²ng!
303,9 ThÆ° viá»‡n mÃ£ nguá»“n má»Ÿ cáº§n thiáº¿t Ä‘á»ƒ trá»Ÿ thÃ nh nhÃ  phÃ¡t triá»ƒn AI
304,10 thÃ³i quen xáº¥u cáº§n tá»« bá» khi láº­p trÃ¬nh Typescript trong nÄƒm 2024
305,NÃ¢ng cao hiá»‡u suáº¥t á»©ng dá»¥ng React vá»›i cÃ¡c ká»¹ thuáº­t nÃ¢ng cao
306,5 cÃ¡ch sá»­ dá»¥ng ChatGPT cho giÃ¡o viÃªn dáº¡y tiáº¿ng Anh â€“ Äáº·t cÃ¢u há»i tháº¿ nÃ o?
307,ğŸ“ Tá»”NG Há»¢P 30 CÃ‚U Há»I PHá»NG Váº¤N MONGODB THÆ¯á»œNG Gáº¶P ğŸŒ±
308,ğŸ“ 30 COMMON MONGODB INTERVIEW QUESTIONS ğŸŒ±
309,ğŸ“ Tá»”NG Há»¢P 30 CÃ‚U Há»I PHá»NG Váº¤N MYSQL THÆ¯á»œNG Gáº¶P ğŸ¬
310,ğŸ“ 30 COMMON MYSQL INTERVIEW QUESTIONS ğŸ¬
311,Pháº§n Má»m Äá» Xuáº¥t Cho Mac MÃ  Báº¡n KhÃ´ng Thá»ƒ Bá» Qua
312,LÃ€M VIá»†C Vá»šI Báº¢NG CHá»¨A HÃ€NG Tá»¶ Báº¢N GHI
313,ğŸ“ Tá»”NG Há»¢P 30 CÃ‚U Há»I PHá»NG Váº¤N REDIS THÆ¯á»œNG Gáº¶P ğŸ’¾
314,ğŸ“ 30 COMMON REDIS INTERVIEW QUESTIONS ğŸ’¾
315,HÆ°á»›ng dáº«n tá»‘i Æ°u hÃ³a hiá»‡u suáº¥t cá»§a Laravel: tá»« phÃ¢n tÃ­ch mÃ£ nguá»“n Ä‘áº¿n thá»±c hÃ nh thá»±c táº¿
316,GOLANG UNIT TESTING Vá»šI STRETCHR/TESTIFY VÃ€ MOCKERY
317,GOLANG TESTING WITH STRETCHR/TESTIFY AND MOCKERY
318,Top 10 cÃ´ng cá»¥ phÃ¢n tÃ­ch kinh doanh hÃ ng Ä‘áº§u nÄƒm 2024 (Pháº§n 1)
319,Táº­p trung vÃ  trá»±c quan hÃ³a nháº­t kÃ½ Docker trong Grafana vá»›i Loki
320,C# nÃ¢ng cao: Táº¡o phÆ°Æ¡ng thá»©c má»Ÿ rá»™ng cÃ³ thá»ƒ tÃ¡i sá»­ dá»¥ng
321,20 Lá»i khuyÃªn thiáº¿t yáº¿u dÃ nh cho Full-Stack Developer: NÃ¢ng táº§m ká»¹ nÄƒng cá»§a báº¡n!
322,NguyÃªn táº¯c Solid: Ná»n táº£ng cho á»©ng dá»¥ng JavaScript vÃ  TypeScript bá»n vá»¯ng
323,10 tuyá»‡t chiÃªu React má»™t dÃ²ng lá»‡nh má»i láº­p trÃ¬nh viÃªn UI nÃªn biáº¿t
324,MiniCPM: Khai PhÃ¡ Tiá»m NÄƒng Cá»§a CÃ¡c MÃ´ HÃ¬nh NgÃ´n Ngá»¯ Nhá» (SLMs)
325,ğŸ’» Tá»”NG Há»¢P CÃC CÃ‚U Lá»†NH DOCKER THÃ”NG Dá»¤NG ğŸ³
326,ğŸ’» Common Useful Docker Commands ğŸ³
327,ğŸš€ ğ…ğ«ğ¨ğ§ğ­ğğ§ğ ğğğ«ğŸğ¨ğ«ğ¦ğšğ§ğœğ - Blocking Resource
328,"Tá»•ng há»£p tÃ i nguyÃªn PHP máº¥t 5 ngÃ y biÃªn dá»‹ch, cÃ¡c báº¡n like nhÃ©"
329,Cloud Contact Centers: A Comprehensive Guide
330,HÆ°á»›ng dáº«n táº¡o REST API khÃ´ng cáº§n mÃ¡y chá»§
331,"HÃ m Lambda trong Python: Sá»­ dá»¥ng hiá»‡u quáº£ vá»›i map, filter, Reduce"
332,Kháº¯c phá»¥c lá»—i KeyError trong Python: HÆ°á»›ng dáº«n tá»« A - Z
333,Sá»­ dá»¥ng nextTick trong vuejs
334,LÃ m chá»§ hÃ m Callback trong JavaScript
335,7 CÃ´ng cá»¥ gia tÄƒng nÄƒng suáº¥t khÃ´ng thá»ƒ thiáº¿u cho dÃ¢n vÄƒn phÃ²ng
336,ğŸ”€ Tá»”NG QUAN Vá»€ GIT FLOW VÃ€ CÃC Lá»†NH GIT PHá»” BIáº¾N âœ¨
337,"Táº¡o á»©ng dá»¥ng web chuyá»ƒn Ä‘á»•i URL khÃ´ng cáº§n server, tá»± Ä‘á»™ng chuyá»ƒn hÆ°á»›ng vÃ  cÃ³ thá»ƒ Ä‘áº·t quáº£ng cÃ¡o"
338,GIT FLOW OVERVIEW AND COMMON GIT COMMANDS
339,Android App Optimization: Top Techniques to Reduce Android App Size and Boost Performance
340,"NÃ¢ng cao báº£o máº­t cho n8n: HÆ°á»›ng dáº«n cÃ i Ä‘áº·t HTTPS vá»›i Docker, Traefik vÃ  Letsencrypt"
341,HÆ¡n 100 tÃ i nguyÃªn miá»…n phÃ­ dÃ nh cho ká»¹ sÆ° phÃ¡t triá»ƒn web Ä‘á»ƒ cáº£i thiá»‡n nÄƒng suáº¥t
342,Káº¿t há»£p sá»©c máº¡nh cá»§a Three.js vÃ  react Ä‘á»ƒ táº¡o ra tráº£i nghiá»‡m 3D tuyá»‡t vá»i trÃªn web
343,8 CÃ´ng cá»¥ mÃ£ nguá»“n má»Ÿ giÃºp á»©ng dá»¥ng cá»§a báº¡n phÃ¡t triá»ƒn máº¡nh máº½
344,KhÃ¡m phÃ¡ 7 lá»—i thÆ°á»ng gáº·p khi láº­p trÃ¬nh vÃ  cÃ¡ch kháº¯c phá»¥c
345,Top cÃ´ng cá»¥ phÃ¡t triá»ƒn API miá»…n phÃ­ hÃ ng Ä‘áº§u cho láº­p trÃ¬nh viÃªn
346,ğŸ”¥ [Viblo Write & Inspire Blogathon 2024] CÃ´ng Bá»‘ Káº¿t Quáº£ Cuá»‘i CÃ¹ng ğŸ”¥
347,25 cÃ¢u há»i phá»ng váº¥n SQL cÃ³ Ä‘Ã¡p Ã¡n cho Fresher 2024
348,LÃ m chá»©c nÄƒng quÃ©t QR tá»« áº£nh trong React Native
349,HÆ°á»›ng Ä‘i cá»§a DBA Oracle (Ã kiáº¿n cÃ¡ nhÃ¢n)
350,[Phá»ng váº¥n Backend]: So sÃ¡nh RabbitMQ vs Kafka?
351,Kubernetes resource management - Quáº£n trá»‹ tÃ i nguyÃªn trong Kubernetes
352,Giá»›i thiá»‡u vá» Listener trong Java Servlet
353,Giá»›i Thiá»‡u Dá»± Ãn: Portfolio Developer
354,"TypeScript vÃ  bÃ­ áº©n Ä‘áº±ng sau khÃ¡i niá»‡m ""Type Erasure"""
355,HÃ m len() trong Python: CÃ¡ch xÃ¡c Ä‘á»‹nh Ä‘á»™ dÃ i chuá»—i kÃ½ tá»±
356,IDE lÃ  gÃ¬? TÃ¬m hiá»ƒu vá» mÃ´i trÆ°á»ng phÃ¡t triá»ƒn tÃ­ch há»£p
357,DÃ¹ng code generation provider trong Flutter Riverpod cho Ä‘á»i Ä‘Æ¡n giáº£n hÆ¡n
358,Unlocking Business Potential: Microsoft Dynamics 365 API
359,So sÃ¡nh R2 Cloudflare vÃ  S3 AWS: Lá»±a chá»n nÃ o lÃ  tá»‘t nháº¥t
360,15 CÃ´ng Cá»¥ Pháº§n Má»m Thiáº¿t Yáº¿u MÃ  Má»i Láº­p TrÃ¬nh ViÃªn NÃªn CÃ³
361,ğŸ’» Tá»”NG Há»¢P NHá»®NG CÃ‚U Lá»†NH LINUX THÃ”NG Dá»¤NG ğŸ§
362,ğŸ’» Common Useful Linux Commands ğŸ§
363,12 cÃ´ng cá»¥ giÃºp quáº£n lÃ½ Kubernetes dá»… dÃ ng hÆ¡n trong nÄƒm 2024
364,ToÃ¡n tá»­ Nullish Coalescing trong JavaScript lÃ  gÃ¬ vÃ  á»©ng dá»¥ng cá»§a nÃ³
365,Tabnabbing - hiá»ƒu Ä‘á»ƒ báº£o vá»‡ website cá»§a báº¡n
366,Dead Zone trong JavaScript: Lá»—i thÆ°á»ng gáº·p vÃ  cÃ¡ch kháº¯c phá»¥c
367,Methods to Implement Distributed Locking in Spring Boot with Redisson
368,"Táº¥t táº§n táº­t vá» Looper, MessageQueue vÃ  Handler trong Android"
369,5 cÃ¡ch giÃºp báº¡n trá»±c quan dá»¯ liá»‡u hiá»‡u quáº£ hÆ¡n 2024
370,Lá»±a chá»n tá»‘i Æ°u: 16 ThÆ° viá»‡n icon tá»‘t nháº¥t cho dá»± Ã¡n nÄƒm 2024
371,A Simple CLI for Managing VSCode Workspaces
372,Kubernetes: ChÃ¬a khÃ³a cho hÃ nh trÃ¬nh di chuyá»ƒn lÃªn Ä‘Ã¡m mÃ¢y vÃ  nÃ¢ng táº§m phÃ¡t triá»ƒn pháº§n má»m
373,Máº¹o JavaScript: Sá»­ dá»¥ng .every() vÃ  .some() Ä‘á»ƒ kiá»ƒm tra máº£ng gá»n gÃ ng hÆ¡n
374,"Táº¡o Ä‘á»“ng há»“ Ä‘áº¿m ngÆ°á»£c Ä‘Æ¡n giáº£n báº±ng HTML, CSS vÃ  JavaScript"
375,NÃ¢ng táº§m Enum PHP vá»›i Interface vÃ  Trait
376,[Phá»ng váº¥n Golang] Táº¡i sao Go's Garbage Collector lÃ  chÃ¬a khÃ³a cho hiá»‡u suáº¥t cao?
377,10 Tips for Budget-Friendly Mobile App Development
378,Vá» Virtual Thread trong Java 21
379,Gá»­i HTTP Request trong JavaScript: HÆ°á»›ng dáº«n toÃ n diá»‡n cho ngÆ°á»i má»›i báº¯t Ä‘áº§u
380,GiÃ¡m sÃ¡t há»‡ thá»‘ng Kubernetes hiá»‡u quáº£ vá»›i Prometheus Stack vÃ  Helm
381,useState liá»‡u cÃ³ pháº£i lÃ  â€œcÃ¢y Ä‘Å©a tháº§nâ€ cho má»i bÃ i toÃ¡n React? KhÃ¡m phÃ¡ nhá»¯ng lá»±a chá»n thay tháº¿ hiá»‡u quáº£
382,"BÃ³c tÃ¡ch hÃ m bÄƒm (hashing) trong Java: KhÃ¡m phÃ¡ Hashmap, Hashset vÃ  phÆ°Æ¡ng thá»©c Hashcode()"
383,Thiáº¿t káº¿ giao diá»‡n ngÆ°á»i dÃ¹ng Ä‘a khÃ¡ch hÃ ng vá»›i Tailwind CSS
384,Má»™t vÃ i á»©ng dá»¥ng cá»§a 0 vÃ  1 cÃ³ thá»ƒ báº¡n chÆ°a biáº¿t
385,QuÃ©t vÄƒn báº£n vÃ  mÃ£ váº¡ch sá»­ dá»¥ng VisionKit trong SwiftUI - iOS
386,Táº¡o GitHub Profile tá»± Ä‘á»™ng thay Ä‘á»•i content
387,8 cÃ´ng cá»¥ Backend giÃºp báº¡n trá»Ÿ thÃ nh má»™t nhÃ  phÃ¡t triá»ƒn tá»‘t hÆ¡n
388,SOLID - Interface Segregation (P1)
389,NhÆ°Ìƒng xu hÆ°Æ¡Ìng Business Analyst giuÌp baÌ£n phaÌt triÃªÌ‰n trong sÆ°Ì£ nghiÃªÌ£p
390,Váº½ biá»ƒu Ä‘á»“ lá»‹ch sá»­ giÃ¡ USDT/VND trÃªn Binance vá»›i Prometheus Exporter vÃ  Grafana
391,PhÆ°Æ¡ng thá»©c querySelector() lÃ  gÃ¬ vÃ  cÃ¡ch hoáº¡t Ä‘á»™ng trong JavaScript
392,KhÃ¡m phÃ¡ kháº£ nÄƒng tÆ°Æ¡ng thÃ­ch trÃªn nhiá»u trÃ¬nh duyá»‡t: XÃ¢y dá»±ng trang web hoáº¡t Ä‘á»™ng mÆ°á»£t mÃ  á»Ÿ má»i nÆ¡i
393,KhÃ¡m phÃ¡ thá»«a káº¿ nguyÃªn máº«u (Prototypal Inheritance) trong JavaScript qua vÃ­ dá»¥ thá»±c táº¿
394,Giáº£i mÃ£ Rate Limiting: LÃ¡ cháº¯n báº£o vá»‡ API khá»i cÃ¡c cuá»™c táº¥n cÃ´ng máº¡ng
395,Tips for Choosing the Right eWallet App Developer
396,KhÃ¡m phÃ¡ cÆ¡ báº£n vá» Reactivity trong vue.js: Composition API
397,HÆ°á»›ng dáº«n CÃ i Ä‘áº·t WKHTMLTOPDF vá»›i báº£n vÃ¡ QT trÃªn Ubuntu vÃ  CentOS 8
398,Kubernetes: Giáº£i phÃ¡p tá»‘i Æ°u chi phÃ­ lÆ°u trá»¯ hiá»‡u quáº£
399,Há»‡ thá»‘ng Ä‘iá»‡n toÃ¡n phÃ¢n tÃ¡n: KhÃ¡m phÃ¡ nhá»¯ng Ä‘iá»ƒm ná»•i báº­t
400,SOLID - Liskov Substitution
401,Giáº£i ThÃ­ch 25 Thuáº­t Ngá»¯ Trong AI vÃ  Machine Learning dá»… hiá»ƒu nháº¥t cho ngÆ°á»i má»›i
402,Táº¡o hiá»‡u á»©ng cuá»™n trang mÆ°á»£t mÃ  khi lÄƒn chuá»™t vá»›i thÆ° viá»‡n Framer Motion trong React
403,[Share CV IT] MÃ¬nh há»c Ä‘Æ°á»£c gÃ¬ khi viáº¿t CV & máº«u CV cho báº¡n tham kháº£o
404,Báº¡n cÃ³ Ä‘ang hiá»ƒu Ä‘Ãºng vá» Prototype trong Javascript?
405,Digital modulation methods - Äiá»u cháº¿ tÃ­n hiá»‡u sá»‘
406,CÃ¡c pháº©m cháº¥t cá»§a má»™t Ká»¹ sÆ° PHP Cáº¥p cao
407,Hiá»ƒu rÃµ vá» Hook useEffect() trong React
408,"30 cÃ¢u há»i phá»ng váº¥n Frontend giÃºp Developer ""cÃ¢n"" háº¿t má»i level"
409,SQL VÃ  Má»™t Sá»‘ CÃ¢u Há»i ThÆ°á»ng Gáº·p
410,Authentication vs Authorization: Sá»± KhÃ¡c Biá»‡t vÃ  CÃ¡ch Báº£o Máº­t á»¨ng Dá»¥ng Hiá»‡u Quáº£
411,Chiáº¿n LÆ°á»£c Thá»±c Thi Lá»‡nh JOIN Trong Apache Spark
412,[LLM 101] Tháº£o luáº­n vá» finetune model LLM sá»­ dá»¥ng LoRA (Low-Rank Adaptation)
413,3 xu hÆ°Æ¡Ìng dÆ°Ìƒ liÃªÌ£u vÃ  phÃ¢n tÃ­ch hÃ ng Ä‘áº§u trong nÄƒm 2024
414,Pure Functions (HÃ m thuáº§n tÃºy) : Ná»n táº£ng cá»§a Láº­p trÃ¬nh hÃ m
415,TÃ­nh báº¥t biáº¿n trong Láº­p trÃ¬nh hÃ m: CÃ¡ch tiáº¿p cáº­n vÃ  á»©ng dá»¥ng
416,KhÃ¡m phÃ¡ sá»©c máº¡nh cá»§a Láº­p trÃ¬nh hÃ m: CÃ¡ch máº¡ng hÃ³a cÃ¡ch báº¡n viáº¿t mÃ£
417,KhÃ¡m phÃ¡ UUID: MÃ£ Ä‘á»‹nh danh Ä‘á»™c nháº¥t toÃ n cáº§u
418,BÃ­ Quyáº¿t LÃ m Viá»‡c Vui Váº» Táº¡i BigTech: Webinar Äáº·c Biá»‡t Äang Chá» Báº¡nBÃ­ Quyáº¿t LÃ m Viá»‡c Vui Váº» Táº¡i BigTech
419,XÃ¢y dá»±ng há»‡ thá»‘ng káº¿ toÃ¡n khÃ¡ch sáº¡n Ä‘Æ¡n giáº£n vá»›i Python vÃ  JSON
420,Liá»‡u ChÃºng Ta CÃ³ Thá»ƒ Sá»­ Dá»¥ng KhÃ¡i Niá»‡m OOP (Object Oriented Programming) Vá»›i NgÃ´n Ngá»¯ Láº­p TrÃ¬nh C KhÃ´ng?
421,MÃ£ báº¥t Ä‘á»“ng bá»™ lÃ  gÃ¬? CÃ¡ch sá»­ dá»¥ng nÃ³ trong Python Ä‘á»ƒ tÄƒng tá»‘c mÃ£ cá»§a báº¡n
422,HÆ°á»›ng dáº«n sá»­ dá»¥ng React Router Ä‘á»ƒ xÃ¢y dá»±ng á»©ng dá»¥ng trang Ä‘Æ¡n (SPA)
423,HÃ€NH TRÃŒNH CHINH PHá»¤C ACM - ICPC Cá»¦A ANH VÅ¨ Äá»¨C NHá»Š VÃ€ CÃ‚U CHUYá»†N â€œPHÃA SAUâ€HÃ€NH TRÃŒNH CHINH PHá»¤C ACM - ICPC Cá»¦A ANH VÅ¨ Äá»¨C NHá»Š VÃ€ CÃ‚U CHUYá»†N â€œPHÃA SAUâ€
424,Design a Library Management System
425,Ecommerce App Development: Key Features & Trends in 2024
426,Virtual DOM trong React lÃ  gÃ¬? CÃ¡ch hoáº¡t Ä‘á»™ng vÃ  lá»£i Ã­ch mang láº¡i
427,Networking at Exhibitions Stand Builder in Qatar: Making the Most of Your Time
428,Cache Poisoning lÃ  gÃ¬? Tin táº·c thao tÃºng bá»™ nhá»› Ä‘á»‡m web nhÆ° tháº¿ nÃ o vÃ  cÃ¡ch phÃ²ng chá»‘ng
429,HÆ°á»›ng dáº«n cÃ¡ch khá»›p cÃ¡c dáº¥u ngoáº·c trong JavaScript mÃ  khÃ´ng cáº§n sá»­ dá»¥ng Regex
430,"Táº¡o chatbot ""like ChatGPT"" miá»…n phÃ­ vá»›i Ollama vÃ  Open WebUI"
431,Triá»ƒn khai Chatbot AI sá»­ dá»¥ng AWS bedrock vÃ  AWS bedrock Agent
432,Local Kubernetes Cluster - HÆ°á»›ng dáº«n chi tiáº¿t vá» viá»‡c sá»­ dá»¥ng KFTray Ä‘á»ƒ tiáº¿p cáº­n dá»‹ch vá»¥
433,Class Diagram
434,Use Case Diagrams
435,HÆ°á»›ng dáº«n cÃ¡ch sá»­ dá»¥ng hÃ m join() trong Python
436,PhÃ¡t hiá»‡n RCE nhÆ°ng... báº¡n pháº£i Ä‘Äƒng nháº­p trÆ°á»›c Ä‘Ã£: CÃ¢u chuyá»‡n CVE cá»§a mÃ¬nh vá»›i 56.000 host!
437,LÃ m chá»§ Javadoc: CÃ¡ch ghi chÃ©p tÃ i liá»‡u cho mÃ£ Java cá»§a báº¡n
438,LÃ m tháº¿ nÃ o Ä‘á»ƒ tá»‘i Æ°u hÃ³a API Calls trong á»¨ng dá»¥ng React lÃªn Ä‘áº¿n 40%
439,Thá»­ nghiá»‡m hiá»‡u nÄƒng microServices: Cypress - Lá»±a chá»n hÃ ng Ä‘áº§u
440,SOLID - ÄÃ³ng/ Má»Ÿ (P2)
441,[Cryptography p14] Táº£n máº¡n vá» SSL/TLS
442,Cáº¥u hÃ¬nh sá»­ dá»¥ng chung chá»©ng chá»‰ CA
443,Viblo Battle: HÃ nh trÃ¬nh xÃ¢y dá»±ng game matrix P2
444,Logstash khÃ´ng thá»ƒ káº¿t ná»‘i Ä‘áº¿n Elasticsearch táº¡i Ä‘á»‹a chá»‰ Service
445,[AWS] Triá»ƒn khai VPN Site to Site trÃªn AWS káº¿t ná»‘i vá»›i On-Premise
446,"HÆ°á»›ng dáº«n quáº£n lÃ½ xÃ¡c thá»±c ngÆ°á»i dÃ¹ng trong React.js, Next.js, Vue.js vÃ  Nuxt.js báº±ng Clerk"
447,Quáº£n lÃ½ dá»± Ã¡n táº¡i Viblo Platform Ã¡p dá»¥ng phÆ°Æ¡ng phÃ¡p Agile Scrum
448,TÃ¬m hiá»ƒu vá» giáº£i phÃ¡p Digital Humans pháº§n 4: Hallo: HÃ£y Ä‘á»ƒ má»™t bá»©c áº£nh cáº¥t tiáº¿ng nÃ³i
449,KhÃ¡m phÃ¡ mÃ´ hÃ¬nh há»™p CSS: Ná»n táº£ng cho bá»‘ cá»¥c web
450,BÃ­ quyáº¿t thu gá»n kÃ­ch thÆ°á»›c áº£o hÃ³a Docker: Cáº©m nang cho Devops Engineer
451,XÃ¢y dá»±ng thÃ³i quen láº­p trÃ¬nh tá»‘t cho láº­p trÃ¬nh viÃªn Python má»›i vÃ o nghá»
452,Lá»°A CHá»ŒN CÆ  Sá» Dá»® LIá»†U PHÃ™ Há»¢P TRONG THIáº¾T Káº¾ Há»† THá»NG Lá»šN
453,Clean Code: 7 tips to write clean functions
454,Giá»›i thiá»‡u vá» NocoDB
455,CÃ¡c phÆ°Æ¡ng thá»©c báº£o máº­t trÃªn AWS
456,TÃ¬m hiá»ƒu vá» Process Injection
457,Sá»­ dá»¥ng Cheat Engine giáº£i cÃ¡c thá»­ thÃ¡ch Hackthebox GamePwn
458,cáº¥u hÃ¬nh khÃ´ng Ä‘Ãºng cho updateStrategy
459,Navigating the Choices: How to Find the Perfect Exhibition Stand Builder in Bahrain?
460,Kiáº¿n thá»©c tá»•ng quan SQL Testing
461,"ğŸ”¥ Viblo x EngineerPro Webinar: ""LÃ m BigTech CÃ³ GÃ¬ Vui?"" - Speaker Introduction ğŸ”¥"
462,Nhá»¯ng cÃ´ng cá»¥ AI giÃºp tÃ¡i sá»­ dá»¥ng code cá»±c ká»³ hiá»‡u quáº£
463,"Authentication Google One Tap, Nextjs 14 vÃ  Nestjs"
464,MÃ´ hÃ¬nh C4: HÆ°á»›ng dáº«n táº¡o sÆ¡ Ä‘á»“ kiáº¿n trÃºc pháº§n má»m hiá»‡u quáº£
465,Kiá»ƒm thá»­ há»™p Ä‘en- Kiá»ƒm thá»­ há»™p tráº¯ng
466,Scope and Applications of Computer Vision
467,TÃ¬m hiá»ƒu Design Pattern trong Java
468,"Design pattern - Top Gun - Maverick, thinking strategy vÃ  adapter pattern"
469,Cáº­p nháº­t field JOB_DATA kiá»ƒu BLOB cá»§a table JOB_DETAILS khi sá»­ dá»¥ng Java Quartz Scheduler
470,ThÃ nh tháº¡o 7 thÆ° viá»‡n mÃ£ nguá»“n má»Ÿ nÃ y sáº½ giÃºp cÃ´ng viá»‡c cá»§a báº¡n thÄƒng tiáº¿n khÃ´ng ngá»«ng
471,Kubernetes Troubleshooting: HÆ°á»›ng dáº«n Ä‘Æ¡n giáº£n hÃ³a cho má»i láº­p trÃ¬nh viÃªn
472,Websocket - Chá»‰nh sá»­a document real-time vá»›i Golang
473,"ELK Stack (Elasticsearch, Logstash, Kibana) trÃªn Kubernetes báº±ng Helm (P1)"
474,[Cryptography p13] Block cipher mode of operation
475,Tá»‘i Æ°u hÃ³a Tmux trong láº­p trÃ¬nh
476,"[Phá»ng váº¥n Backend] Giáº£i quyáº¿t ""bottleneck"" á»Ÿ trong microservice"
477,ÄÆ°a mÃ¡y chá»§ Mosquitto Broker tá»« local lÃªn internet (Part 3)
478,Transforming Healthcare Revenue Management with ATRCM
479,Há»— trá»£ thÃªm nhiá»u UI frameworks cho kiáº¿n trÃºc Microfrontend
480,TÃ¬m hiá»ƒu cÃ¡ch training model sá»­ dá»¥ng nhiá»u GPU trong Pytorch
481,React Query - Stack  cháº¥t lÆ°á»£ng vá»›i Frontend DEV
482,Nhá»¯ng cÃ¡ch tá»‘t nháº¥t Ä‘á»ƒ giÃºp cÃ¡c Ä‘oáº¡n code JavaScript trá»Ÿ nÃªn gá»n gÃ ng hÆ¡n
483,Táº¯t enrollment tokens trong Elasticsearch vÃ  Kibana
484,SSL cho Elasticsearch trong Kubernetes
485,OpenSSL Ä‘á»ƒ táº¡o chá»©ng chá»‰ SSL vÃ  cáº¥u hÃ¬nh cho Elasticsearch
486,Máº­t mÃ£ RSA - pháº§n 2
487,Cáº¥u hÃ¬nh store password cho 2 file ssl
488,SSL trÃªn HTTP layer táº¡o token Ä‘Äƒng kÃ½ (enrollment token) cho Kibana (P2)
489,Queue vaÌ€ BaÌ€i toaÌn loang trÃªn ma trÃ¢Ì£n
490,Thá»±c hiá»‡n Ä‘iá»u nÃ y trong mÃ´i trÆ°á»ng Kubernetes
491,Why Cloud-Native Frameworks are Essential for Growing Business Web Applications
492,Cáº¥u hÃ¬nh Elasticsearch vá»›i SSL vÃ  viáº¿t file deployment tá»« Ä‘áº§u Ä‘áº¿n cuá»‘i
493,XÃ¢y dá»±ng há»™p thoáº¡i Modal dá»… tiáº¿p cáº­n - hÆ°á»›ng dáº«n cá»¥ thá»ƒ vÃ  mÃ£ nguá»“n minh há»a
494,Cáº¥u hÃ¬nh chá»©ng chá»‰ vÃ  khÃ³a cho Elasticsearch trong tá»‡p YAML triá»ƒn khai
495,Cáº¥u hÃ¬nh chá»©ng chá»‰ SSL Ä‘á»ƒ qua Ä‘Æ°á»£c yÃªu cáº§u token Kibana
496,Thá»­ váº½ tá»· lá»‡ vÃ ng trong CSS
497,"[Phá»ng váº¥n Backend] Giáº£i quyáº¿t ""bottleneck"" á»Ÿ trong microservices (pháº§n 1: truy váº¿t)"
498,LÃ m viá»‡c vá»›i static assets trong kiáº¿n trÃºc Microfrontend
499,[Phá»ng váº¥n Backend]: MÃ´ táº£ cÃ¡ch báº¡n sá»­ dá»¥ng elasticsearch trong thá»±c táº¿?
500,[Phá»ng váº¥n Backend]: Elasticsearch lÃ  gÃ¬?
501,Xá»­ lÃ½ log tá»« Kafka
502,Logstash cho bá»™ lá»c dá»±a trÃªn dá»¯ liá»‡u log request vÃ  response
503,Cáº¥u HÃ¬nh Logstash Sá»­a Äá»•i Báº¯n ChÃ©o
504,Cáº¥u hÃ¬nh Logstash Ä‘á»ƒ láº¥y ra cÃ¡c trÆ°á»ng cáº§n thiáº¿t vÃ  viáº¿t táº¯t chÃºng Ä‘á»ƒ dá»… dÃ ng thá»±c hiá»‡n truy váº¥n KQL (Kibana Query Language).
505,Claude Sonnet 3.5 vs Gemini: NÃªn tráº£i nghiá»‡m náº¿u báº¡n Ä‘ang cáº§n má»™t phÆ°Æ¡ng Ã¡n khÃ¡c ngoÃ i GPT
506,Táº¡o Template cho logstash
507,CÃ¡ch viáº¿t cÃ¡c Ä‘oáº¡n code gá»n hÆ¡n vá»›i Mongoose Schemas
508,Flutter: LÃ n sÃ³ng má»›i cá»§a láº­p trÃ¬nh Ä‘a ná»n táº£ng
509,12 Web API thiáº¿t yáº¿u giÃºp Ã­ch ráº¥t tá»‘t cho cÃ¡c láº­p trÃ¬nh viÃªn
510,TÃ¬m kiáº¿m báº±ng KQL Elasticsearch
511,LÃ m sao Ä‘á»ƒ DEV thuá»™c hÃ ng TOP trong viá»‡c tá»‘i Æ°u database
512,Query JOIN trong SQL Server: BÃ­ Quyáº¿t Thá»±c Hiá»‡n Hiá»‡u Quáº£ vÃ  Tá»‘i Æ¯u Hiá»‡u Suáº¥t
513,"TÄƒng Tá»‘c SQL Server: BÃ­ Quyáº¿t Sá»­ Dá»¥ng Procedure Cache, Plan Cache, VÃ  Buffer Cache Hiá»‡u Quáº£"
514,"Locks, blocks, deadlocks trong SQL Server"
515,Index Maintenance - LÃªn plan báº£o trÃ¬ Index?
516,Table/Index Partitioning trong SQL Server
517,DBMS Normalization Easy - Chuáº©n hÃ³a trong thiáº¿t káº¿ database relationship
518,Táº¥t táº§n táº­t vá» Index trong SQL Server
519,TÃ¬m hiá»ƒu vá» kiáº¿n trÃºc (architecture) cá»§a SQL Server.
520,[Phá»ng váº¥n Backend] gRPC lÃ  gÃ¬?
521,Biáº¿n Ä‘á»•i á»©ng dá»¥ng Angular vá»›i tÃ­nh nÄƒng SIgnals
522,TÃ­ch há»£p Function Calling vÃ o há»‡ thá»‘ng Chatbot.
523,DÃ¹ng Keytool táº¡o khoÃ¡ cho ELK
524,Táº¡o khÃ³a riÃªng
525,Há»‡ thá»‘ng lá»›n sáº½ quáº£n lÃ½ Cron Job nhÆ° tháº¿ nÃ o ??? - Video mÃ´ táº£ há»‡ thá»‘ng Slack
526,SSL cho HTTP layer Elastic
527,So SÃ¡nh Laravel vÃ  Symfony: Chá»n Khung PHP PhÃ¹ Há»£p Cho Dá»± Ãn Cá»§a Báº¡n
528,Cáº¥u HÃ¬nh SSL Cho Elastic
529,"ğŸ”¥ Viblo x EngineerPro Webinar: ""LÃ m BigTech CÃ³ GÃ¬ Vui?"" ÄÃ£ Má»Ÿ Form ÄÄƒng KÃ½ ğŸ”¥"
530,Má»‘i Ä‘e dá»a ná»™i bá»™ trong doanh nghiá»‡p - Internal Security Threats
531,Optimizing Your Cloud Infrastructure with Microsoft Fabric Services
532,Tá»‘i Æ°u hiá»‡u suáº¥t á»©ng dá»¥ng React báº±ng cÃ¡ch háº¡n cháº¿ sá»± Render khÃ´ng cáº§n thiáº¿t
533,"Há»¡i Oracle, ÄÃ£ Äáº¿n LÃºc Tráº£ Tá»± Do Cho JavaScript!"
534,Äá»“ng nghiá»‡p cá»§a tÃ´i ráº¥t ghen tá»‹ vá»›i tá»‘c Ä‘á»™ hoÃ n thÃ nh cÃ´ng viá»‡c cá»§a tÃ´iâ€”táº¥t cáº£ Ä‘á»u nhá» vÃ o nhá»¯ng cÃ´ng cá»¥ tÄƒng nÄƒng suáº¥t nÃ y!
535,CÃ¡ch sá»­ dá»¥ng thuá»™c tÃ­nh HTML Ä‘á»ƒ lÃ m cho trang web vÃ  á»©ng dá»¥ng cá»§a báº¡n dá»… truy cáº­p hÆ¡n (P1)
536,CI/CD - HÆ°á»›ng dáº«n cÆ¡ báº£n vá» tá»± Ä‘á»™ng hÃ³a quy trÃ¬nh xÃ¢y dá»±ng pháº§n má»m
537,[Phá»ng váº¥n Backend]: LÃ m sao Ä‘á»ƒ tá»‘i Æ°u performance há»‡ thá»‘ng? (pháº§n 1: database)
538,Design pattern - Builder chá»£ lá»›n
539,CÃ¹ng code Pomodoro Timer Ä‘á»ƒ táº­p chung há»c vá» xá»­ lÃ½ DOM
540,"[Phá»ng váº¥n Backend]: PostgreSQL vs MongoDB, nÃªn chá»n database nÃ o?"
541,TÄƒng CÆ°á»ng Hiá»‡u Quáº£ Há»£p TÃ¡c NhÃ³m: 10 CÃ´ng Cá»¥ Há»£p TÃ¡c HÃ¬nh áº¢nh Tá»‘t Nháº¥t NÄƒm 2024 Báº¡n NÃªn CÃ³
542,Cáº£i thiá»‡n hiá»‡u quáº£ phÃ¡t triá»ƒn Laravel: 5 lá»‡nh Artisan Ã­t Ä‘Æ°á»£c biáº¿t Ä‘áº¿n
543,Giáº£i Ä‘Ã¡p vá» Currying trong JavaScript
544,Loáº¡i bá» phÃ¢n máº£nh trong oracle database
545,10 BÃ­ quyáº¿t thiáº¿t káº¿ & láº­p trÃ¬nh pháº§n má»m mÃ  dÃ¢n IT nÃªn náº¯m vá»¯ng
546,"XÃ¢y dá»±ng á»©ng dá»¥ng chat thá»i gian thá»±c vá»›i Socket.io, Express, React.js vÃ  Chakra UI"
547,K8s lÃ  gÃ¬? HÆ°á»›ng dáº«n thiáº¿t láº­p Kubernetes vÃ  quáº£n lÃ½ Cluster hiá»‡u quáº£
548,PhÃ¡t triá»ƒn GraphQL API báº±ng Golang vÃ  So sÃ¡nh vá»›i REST API
549,5 giáº£i phÃ¡p lÆ°u trá»¯ cache hiá»‡u quáº£ cho á»©ng dá»¥ng Next.js nÄƒm 2024
550,Async await: tá»« cÆ¡ báº£n Ä‘áº¿n nÃ¢ng cao trong Swift
551,Writeup Patchstack WCUS CTF (p2)
552,Nhá»¯ng concepts há»¯u Ã­ch cá»§a JavaScript nÃªn biáº¿t trÆ°á»›c khi há»c React
553,HÆ°á»›ng dáº«n chi tiáº¿t cÃ¡ch tá»± táº¡o Chatbot React Ä‘Æ¡n giáº£n tá»« A Ä‘áº¿n Z
554,KhÃ¡m phÃ¡ bÃ­ máº­t vá»›i hÃ m clamp(): ChÃ¬a khÃ³a cho cÃ¡c kiá»ƒu chá»¯ linh hoáº¡t trong CSS
555,Heat Map vÃ  Automatic Data Optimization (ADO)
556,TrÃ¡nh xung Ä‘á»™t I/O á»• Ä‘Ä©a Oracle Database
557,Giáº£i PhÃ¡p LÆ°u Trá»¯ Tá»‘i Æ¯u Cho Doanh Nghiá»‡p (Disk Arrays) Oracle Database
558,HÆ°á»›ng dáº«n dÃ¹ng cÃ´ng cá»¥ AI Cursor táº¡o tiá»‡n Ã­ch Chrome áº©n hÃ¬nh áº£nh trÃªn website
559,Index Tips Review Oracle Database
560,Rebuild Index Oracle Database
561,Fast Full Scans vs Skip Scans Trong Oracle Database
562,Hiá»ƒu báº£n cháº¥t histogram trong oracle database
563,Index Binary Height Oracle Database
564,Giáº£i MÃ£ Cluster Factor Trong Oracle Database
565,Suppressing Indexes
566,Tá»•ng quan vá» Nix ecosystem
567,Navi - CÃ´ng cá»¥ Cheat Sheet Ä‘á»‰nh nÃ³c
568,Variables vÃ  Mutability trong Rust
569,Concatenated Indexes Oracle Database
570,Má»¥c Ä‘Ã­ch sá»­ dá»¥ng nhiá»u loáº¡i index trÃªn cÃ¹ng má»™t cá»™t
571,áº¨n thÃ¢n chi thuáº­t (Invisible Indexes)
572,GiÃ¡c ngá»™ vá» index trong cÆ¡ sá»Ÿ dá»¯ liá»‡u oracle
573,XÃ¡c Ä‘á»‹nh kÃ­ch thÆ°á»›c tÃ i nguyÃªn giao dá»‹ch phÃ¹ há»£p vá»›i nhu cáº§u kinh doanh
574,XÃ¡c Thá»±c Äá»™ Tin Cáº­y cá»§a Há»‡ Thá»‘ng Trong Kafka
575,Tá»‘i Æ¯u HÃ³a Consumers Äá»ƒ Äáº¡t ÄÆ°á»£c Äá»™ Tin Cáº­y Cao Trong Kafka
576,Tá»‘i Æ¯u HÃ³a Producers Äá»ƒ Äáº¡t ÄÆ°á»£c Äá»™ Tin Cáº­y Cao Trong Kafka
577,PhÃ¢n TÃ­ch Chi Tiáº¿t Cáº¥u HÃ¬nh Replica vÃ  Broker
578,Xá»­ lÃ½ bÃ i toÃ¡n multi bundlers khi lÃ m viá»‡c vá»›i Microfrontend
579,Äáº£m báº£o Ä‘á»™ tin cáº­y trong kafka
580,Quáº£n LÃ½ File trong Kafka
581,CÆ¡ cháº¿ phÃ¢n bá»• partition vÃ  replicas trong kafka
582,Giáº£i phÃ¡p lÆ°u trá»¯ phÃ¢n táº§ng trong kafka
583,Request Processing Kafka P2
584,Request Processing Kafka P1
585,CÆ¡ Cháº¿ Replication Trong Kafka
586,Vai trÃ² cá»§a Controller trong há»‡ thá»‘ng Kafka
587,Kafka Consumer Commits vÃ  Offsets
588,Kafka consumer cÃ¡c cÃ i Ä‘áº·t cáº¥u hÃ¬nh quan trá»ng
589,Kafka Poll Loop
590,Kafka Static Group Membership
591,Thi Chá»©ng Chá»‰ Oracle - CÃ¡c thÃ´ng tin vá» chá»©ng chá»‰ Oracle - Oracle Database
592,Kafka Consumer Concepts - Consumer Groups vÃ  Partition Rebalance
593,Kafka Consumer Concepts - Consumers vÃ  Consumer Groups
594,Kafka: Message Delivery Time
595,Laravel Forgot Password : Gá»­i mail chá»©a OTP vÃ  sá»­ dá»¥ng ajax
596,KhÃ¡m PhÃ¡ Kiáº¿n TrÃºc Kafka: Ná»n Táº£ng Cho Xá»­ LÃ½ Dá»¯ Liá»‡u Thá»i Gian Thá»±c
597,Line coding in computer network - MÃ£ hÃ³a Ä‘Æ°á»ng truyá»n trong máº¡ng mÃ¡y tÃ­nh
598,Login nhanh chÃ³ng vá»›i Trait AuthenticatesUsers Laravel
599,Android App Development Fundamentals - A Beginner's Guide
600,"[Unity] Tá»± há»c unity xÃ¢y dá»±ng game, xÃ¢y dá»±ng cÃ¢y cá»‘i part 2"
601,Writeup Patchstack WCUS CTF
602,(Pháº§n 3) TÃ¬m hiá»ƒu vá» Ansible Playbooks
603,Paper reading | ViViT: A Video Vision Transformer
604,Hot Module Replacement (HMR) hoáº¡t Ä‘á»™ng nhÆ° tháº¿ nÃ o
605,KhÃ¡m phÃ¡ CSS Subgrid: Giáº£i phÃ¡p tá»‘i Æ°u cho bá»‘ cá»¥c web linh hoáº¡t
606,PhÆ°Æ¡ng phÃ¡p Monte Carlo: Dá»± Ä‘oÃ¡n tÆ°Æ¡ng lai báº±ng mÃ´ phá»ng Python
607,PhÃ¢n biá»‡t Idempotency vÃ  Optimistic Locking
608,HÆ°á»›ng dáº«n cÃ¡ch Ä‘Æ¡n giáº£n nháº¥t Ä‘á»ƒ triá»ƒn khai á»©ng dá»¥ng lÃªn cá»¥m Kubernetes
609,TÃ¬m Hiá»ƒu MÃ´ HÃ¬nh MVC DÃ nh Cho NgÆ°á»i Má»›i Báº¯t Äáº§u: Cáº¥u TrÃºc vÃ  VÃ­ Dá»¥
610,BÃ­ Quyáº¿t Báº£o Vá»‡ Máº¡ng: NgÄƒn Cháº·n Táº¥n CÃ´ng DoS Tá»« MÃ¡y Chá»§ DHCP
611,11 TÃ­nh nÄƒng vÃ  chá»©c nÄƒng má»›i sáº¯p ra máº¯t trong CSS
612,Kubernetes lÃ  gÃ¬? Giá»›i thiá»‡u ná»n táº£ng mÃ£ nguá»“n má»Ÿ tá»± Ä‘á»™ng hÃ³a tá»‘t nháº¥t hiá»‡n nay
613,API Composite Pattern
614,Duyá»‡t phÃ¢n Ä‘Ã´i táº­p há»£p (Meet In The Middle)
615,"[Unity] Tá»± há»c unity xÃ¢y dá»±ng game, xÃ¢y dá»±ng map Ä‘á»“ng cá»  part 1"
616,19 Máº¹o Tá»‘i Æ¯u Hiá»‡u Suáº¥t Laravel Cáº§n Thiáº¿t
617,ÄÃ£ Kiá»ƒm Tra vÃ  ÄÆ°á»£c Chá»©ng Minh! 6 CÃ´ng Cá»¥ TÄƒng NÄƒng Suáº¥t!
618,TÃ¬m hiá»ƒu vá» Cache trong kiáº¿n trÃºc pháº§n má»m
619,GiÃ¡ trá»‹ há»c PHP vÃ o nÄƒm 2025
620,[Liá»‡u báº¡n cÃ³ biáº¿t] BÃ i 3: Data analyst vÃ  Data processing trong 1 ná»‘t nháº¡c
621,[Liá»‡u báº¡n cÃ³ biáº¿t] BÃ i 2: CÃ¡ch xÃ¡c Ä‘á»‹nh sá»­ dá»¥ng kÄ© thuáº­t nÃ o trong ML
622,Comparable vÃ  Comparator trong Java: Báº¡n nÃªn lá»±a chá»n cÃ¡i nÃ o?
623,10 Website mÃ  báº¥t ká»³ láº­p trÃ¬nh viÃªn nÃ o nÃªn sá»­ dá»¥ng Ã­t nháº¥t 1 láº§n
624,TÃ­ch há»£p cá»•ng thanh toÃ¡n Stripe vá»›i Laravel 9
625,8 Dá»± Ãn MÃ£ Nguá»“n Má»Ÿ ÄÃ¡ng ÄÃ¡nh Dáº¥u
626,Step-by-Step Guide to AI Agent Development with GPT
627,NguyÃªn táº¯c thiáº¿t káº¿ SOLID lÃ  gÃ¬?
628,HÆ°á»›ng dáº«n cÃ i Ä‘áº·t Argo Workflows trÃªn Kubernetes
629,Má»Ÿ Terminal tá»« trong Xcode.
630,HÆ°á»›ng dáº«n cÃ¡ch lá»±a chá»n cÃ´ng cá»¥ phÃ¹ há»£p cho dá»± Ã¡n Java cá»§a báº¡n
631,LÃªn Ä‘á»i Terminal (MacOS) cho dÃ¢n IT - like a pro
632,3 CÃ¡ch há»£p nháº¥t cÃ¡c tÃ i liá»‡u Word báº±ng Python Ä‘Æ¡n giáº£n nháº¥t
633,HÆ°á»›ng dáº«n tá»‘i Æ°u SEO website tÄƒng thá»© háº¡ng trÃªn káº¿t quáº£ tÃ¬m kiáº¿m
634,Design pattern - Singleton
635,[GPU in AI] BÃ i 3: RAPIDS trong viá»‡c xá»­ lÃ­ data
636,HÆ°á»›ng dáº«n toÃ n táº­p vá» React Fragments
637,10 tiá»‡n Ã­ch má»Ÿ rá»™ng Chrome khÃ´ng thá»ƒ thiáº¿u cho dÃ¢n láº­p trÃ¬nh
638,Giáº£i MÃ£ BÃ­ áº¨n Tháº» b / i VÃ  strong / em Trong HTML
639,MÃ¬nh Ä‘Ã£ kiáº¿m 1000â‚¬ tá»« má»™t Medium bug nhÆ° tháº¿ nÃ o?
640,LÃ m â€œviá»‡câ€
641,Python Guru Series ğŸğŸğŸ - Part 6: Láº­p trÃ¬nh vÃ  quáº£n lÃ½ task vá»¥ báº¥t Ä‘á»“ng bá»™ vá»›i Celery
642,TÃ¬m Hiá»ƒu MÃ´ HÃ¬nh MVC Trong .NET Core: Kiáº¿n TrÃºc GiÃºp Tá»‘i Æ¯u HÃ³a á»¨ng Dá»¥ng Web
643,[Java IDE] HÆ°á»›ng dáº«n anh em cÃ¡ch cÃ i Ä‘áº·t intelliji community code java khÃ´ng máº¥t tiá»n cho window
644,Thay Ä‘á»•i quan niá»‡m vá» thuáº­t toÃ¡n qua vÃ i bÃ i code thiáº¿u nhi
645,"BÃ­ quyáº¿t tÄƒng tá»‘c website cá»§a báº¡n vá»›i rel=""preload"""
646,React Native Best Practices khÃ´ng thá»ƒ bá» qua
647,The Importance of Measuring Code Churn Metrics in Software Development
648,Giáº£i MÃ£ MÃ u Sáº¯c: Ã NghÄ©a Cá»§a Sá»‘ 16777215 Trong Äáº¡i Sá»‘ MÃ u RGB
649,Exactly one message vá»›i Kafka (EOS)
650,Giáº£i Quyáº¿t Callback Hell: 3 Cáº¥p Äá»™ Quáº£n LÃ½ Báº¥t Äá»“ng Bá»™ trong JavaScript
651,NghiÃªn cá»©u vá» NodeJS vÃ  nhá»¯ng nguyÃªn lÃ½ cá»‘t lÃµi
652,Kubernetes Security - TÃ­nh nÄƒng báº£o máº­t cÃ³ sáºµn trong Kubernetes
653,MAC address - Ä‘á»‹a chá»‰ MAC
654,"CÆ¡ báº£n vá» Redis, RabbitMQ, Bull, Bee-Queue, vÃ  cronjob"
655,Exploring the Benefits of a Massage Therapist App
656,XÃ¢y dá»±ng dá»± Ã¡n blockchain trÃªn Aptos trong 5 phÃºt
657,5 hÃ m JavaScript vá» Object báº¯t buá»™c pháº£i biáº¿t náº¿u muá»‘n thÃ nh láº­p trÃ¬nh viÃªn Super Vip Pro
658,Báº­t mÃ­ cÃ¡c ká»¹ thuáº­t Ã­t ngÆ°á»i biáº¿t vá» Local Storage trong JavaScript
659,[GPU in AI] BÃ i 2: RAPIDS vÃ  nhá»¯ng Ä‘iá»u cáº§n biáº¿t
660,Blockchain lÃ  gÃ¬? Aptos lÃ  gÃ¬?
661,Máº­t mÃ£ RSA - pháº§n 1
662,HÆ°á»›ng dáº«n chi tiáº¿t sá»­ dá»¥ng hiá»‡u á»©ng animations trong tailwind CSS vá»›i next.js vÃ  Typescript
663,LÃ m tháº¿ nÃ o Ä‘á»ƒ trá»Ÿ thÃ nh Freelancer vá»›i má»©c thu nháº­p háº¥p dáº«n?
664,Ethical and Environmental Impacts of AI in the Energy Sector
665,How Code Signing Ensures Trust and Authenticity?
666,Tá»‘i Æ¯u HÃ³a Code JavaScript Vá»›i Destructuring Assignment âœ¨
667,"Giá»›i thiá»‡u vá» Kubernetes, kiáº¿n trÃºc vÃ  hÆ°á»›ng dáº«n cÃ i Ä‘áº·t chi tiáº¿t"
668,Top nhá»¯ng cÃ´ng cá»¥ xÃ¢y dá»±ng giao diá»‡n website tuyá»‡t vá»i vá»›i Tailwind CSS tá»‘t nháº¥t hiá»‡n nay
669,HÆ°á»›ng dáº«n build sáº£n pháº©m trÃªn mÃ´i trÆ°á»ng Codespaces cá»§a Github
670,HÆ°á»›ng dáº«n cÃ¡ch tá»± xÃ¢y dá»±ng CDN server Ä‘Æ¡n giáº£n trÃªn Kubernetes
671,Cáº­p nháº­t á»©ng dá»¥ng Flutter khÃ´ng thÃ´ng qua Store - CodePush cho Flutter
672,Tá»± xÃ¢y dá»±ng trang web Loop Studio áº¥n tÆ°á»£ng vá»›i React
673,12 NguyÃªn Táº¯c VÃ ng Äáº·t TÃªn Biáº¿n Trong JavaScript GiÃºp Code Sáº¡ch & Dá»… Báº£o TrÃ¬
674,4 thÆ° viá»‡n hoáº¡t hÃ¬nh giÃºp báº¡n táº¡o ra má»™t bá»¯a tiá»‡c thá»‹ giÃ¡c vÃ  tÄƒng gáº¥p Ä‘Ã´i thá»i gian thÆ° giÃ£n cá»§a báº¡n!
675,HÆ°á»›ng dáº«n cÃ i Ä‘áº·t chá»©ng chá»‰ SSL Comodo PositiveSSL cho website trÃªn WebServer Nginx (MÃ¡y áº£o Linux)
676,Há»c Business Analyst á»Ÿ Ä‘Ã¢u vÃ  muá»‘n lÃ m Business Analyst thÃ¬ há»c ngÃ nh gÃ¬?
677,Triá»ƒn khai mÃ´i trÆ°á»ng phÃ¡t triá»ƒn Node.js 18.3 trong 2 phÃºt - triá»ƒn khai cÃ¡c cÃ´ng cá»¥ chá»‰ báº±ng má»™t cÃº nháº¥p chuá»™t
678,An toÃ n vÃ  Báº£o máº­t trong Flutter - HÆ°á»›ng dáº«n Tá»‘i Æ°u
679,Doubly Linked List trong Python
680,Types of Database Encryption in SQL Server
681,Async vs. Isolate trong Flutter: Song song hÃ³a trong Flutter
682,Hiá»ƒu rÃµ hÆ¡n vá» trÃ¬nh Decorator trong Python
683,Nhá»¯ng cÃ´ng cá»¥ AI cá»±c ká»³ máº¡nh máº½ cÃ³ thá»ƒ báº¡n chÆ°a biáº¿t
684,Xá»­ lÃ½ báº¥t Ä‘á»“ng bá»™ trong JavaScript Pháº§n 2
685,Circular Linked List trong Python
686,NgÆ°á»i kiáº¿n táº¡o tri thá»©c: SageMaker vÃ  tá»•ng quan cÃ¡c bÆ°á»›c trong triá»ƒn khai mÃ´ hÃ¬nh há»c mÃ¡y
687,ğŸš€ ğ…ğ«ğ¨ğ§ğ­ğğ§ğ ğğğ«ğŸğ¨ğ«ğ¦ğšğ§ğœğ - Critical Rendering Path (CRP)
688,Delta Lake CÆ¡ Báº£n Vá»›i PySpark
689,CÃ¡c máº¹o Ä‘á»ƒ ghi nháº­t kÃ½ hay nháº¥t trong .NET Core
690,Turborepo vÃ  Ä‘iá»u gÃ¬ khiáº¿n nÃ³ lÃ  lá»±a chá»n tuyÃªt vá»i cho Monorepo?
691,Change Data Capture - Cáº¥u hÃ¬nh connector vá»›i Kafka
692,Thá»© tá»± Æ°u tiÃªn cÃ¡c cáº¥u hÃ¬nh variables trong Terraform
693,ğŸš€ ğ…ğ«ğ¨ğ§ğ­ğğ§ğ ğğğ«ğŸğ¨ğ«ğ¦ğšğ§ğœğ - Tá»‘i Æ°u JavaScript (Pháº§n 2)
694,"Gitflow, GitHub Flow, GitLab Flow, Trunk Based Development: ÄÃ¢u má»›i lÃ  Git Branching Strategy chÃ¢n Ã¡i?"
695,Äiá»u thá»±c sá»± diá»…n ra khi báº¡n nháº­p má»™t URL trÃªn browser
696,Java Concurrency (Pháº§n 1): Thread
697,Tá»‘i Æ°u hÃ³a thá»i gian khá»Ÿi Ä‘á»™ng Nvidia Xavier
698,7 Biá»‡n phÃ¡p giÃºp tÄƒng tá»‘c website nhanh chÃ³ng nháº¥t
699,Dá»±ng 1 cluster kubernetes vá»›i Kubeadm
700,7 váº¥n Ä‘á» thÆ°á»ng gáº·p vÃ  giáº£i phÃ¡p xÃ¢y dá»±ng Git Workflow
701,Máº¹o há»¯u Ã­ch dÃ nh cho dÃ¢n chuyÃªn Scraping Web
702,"Paper reading | Read Like Humans: Autonomous, Bidirectional and Iterative Language Modeling for Scene Text Recognition"
703,Singly Linked List trong Python
704,Rá»i ráº¡c hÃ³a (NÃ©n sá»‘)
705,Giá»›i thiá»‡u cÃ¡c á»©ng dá»¥ng Mac cÃ¡ nhÃ¢n Ä‘ang sá»­ dá»¥ng (Pháº§n 2)
706,CÃ¡ch triá»ƒn khai á»©ng dá»¥ng React vá»›i á»©ng dá»¥ng Coolify Marketplace cá»§a Vultr
707,10 Ká»¹ Thuáº­t NÃ¢ng Cao Trong TypeScript GiÃºp Tá»‘i Æ¯u MÃ£ Nguá»“n VÃ  TÄƒng Hiá»‡u Suáº¥t
708,"CÃ¡ch há»c Top-Down, Bottom-Up vÃ  Ã¡p dá»¥ng vá»›i tá»«ng lÄ©nh vá»±c trong IT"
709,Táº I SAO GOONG LÃ€ GIáº¢I PHÃP THAY THáº¾ HOÃ€N Háº¢O CHO GOOGLE MAP API Táº I VIá»†T NAM
710,CÃ¡c bÆ°á»›c Ä‘á»ƒ thiáº¿t káº¿ 1 cÆ¡ sá»Ÿ dá»¯ liá»‡u
711,Top 5 Mistakes to Avoid When Implementing MVP in Project Management
712,"CÃ¡c best practice Ä‘á»ƒ phÃ¡t triá»ƒn Angular: Observable, Promise vÃ  Signals"
713,CÃ¡c pháº§n má»m cáº§n thiáº¿t cho ngÆ°á»i dÃ¹ng Mac OS
714,Máº¹o tá»‘i Æ°u hÃ³a á»©ng dá»¥ng React/Next.js dá»… dÃ ng
715,CÃ¡c Chaebol xÃ¢y dá»±ng Zero Party Data nhÆ° tháº¿ nÃ o?
716,ğŸš€ ğ…ğ«ğ¨ğ§ğ­ğğ§ğ ğğğ«ğŸğ¨ğ«ğ¦ğšğ§ğœğ - Tá»‘i Æ°u JavaScript (Pháº§n 1)
717,Top 10 IDE tá»‘t nháº¥t dÃ nh cho C++ trong nÄƒm 2024
718,CÃ¡ch cÃ i clamav vÃ  Notification qua Telegram
719,Cáº©m nang sá»‘ng sÃ³t cho dev thá»i GenAI: Read - Search - Ask AI - Ask an Expert
720,"Design Pattern cÃ¹ng Flutter. Táº­p 7: State - ""SiÃªu nhÃ¢n biáº¿n hÃ¬nh"""
721,Giá»›i thiá»‡u vá» FireBase vÃ  LÃ m há»‡ thá»‘ng Ä‘Äƒng nháº­p báº±ng FireBase vÃ  Unity - Pháº§n 1
722,Stack trong Python
723,Máº¹o Há»¯u Ã­ch khi Code Game Unity
724,Giá»›i thiá»‡u cÃ¡c á»©ng dá»¥ng Mac cÃ¡ nhÃ¢n Ä‘ang sá»­ dá»¥ng (Pháº§n 1)
725,Built-in Data Structures trong Python
726,HÆ°á»›ng Dáº«n Chi Tiáº¿t Vá» CÃ¡c Tá»‡p Tin Trong ThÆ° Má»¥c .github
727,Dependabot GitHub - TÃ¬m hiá»ƒu tri thá»©c
728,Táº¡i sao há»‡ thá»‘ng cá»§a báº¡n khÃ´ng thá»ƒ má»Ÿ rá»™ng?
729,Netbird - Giáº£i phÃ¡p Peer-to-Peer Network nhanh gá»n láº¹
730,"Build CRUD REST API vá»›i NestJS, Docker, Swagger, Prisma"
731,ğŸ”¥ [Viblo Write & Inspire Blogathon 2024] ChÃ­nh Thá»©c Báº¯t Äáº§u TÃ¬m Kiáº¿m Nhá»¯ng Trendsetters TrÃªn VibloğŸ”¥
732,Queue with Redis lists and Golang
733,Sá»­ Dá»¥ng Patch Package Äá»ƒ TÃ¹y Chá»‰nh NPM Package Theo Ã Muá»‘n
734,CÃ i Ä‘áº·t vÃ  sá»­ dá»¥ng ngrok Ä‘á»ƒ demo Rails 7
735,Thiáº¿t káº¿ HÆ°á»›ng Äá»‘i TÆ°á»£ng Há»‡ Thá»‘ng Quáº£n LÃ½ ThÆ° Viá»‡n
736,Giá»›i thiá»‡u vá» Soket.IO
737,[GPU in AI] BÃ i 1: Lá»i má»Ÿ Ä‘áº§u
738,Data Analyst lÃ  gÃ¬? Lá»™ trÃ¬nh trá»Ÿ thÃ nh má»™t Data Analyst
739,Tá»•ng quan vá» Triton Inference Server
740,Má»i ngÆ°á»i Ä‘Ã£ biáº¿t Ä‘áº¿n cursorAI chÆ°a? ğŸ¤”
741,OSI Model in computer network - MÃ´ hÃ¬nh OSI trong máº¡ng mÃ¡y tÃ­nh
742,5 TÃ­nh NÄƒng HTML Ãt NgÆ°á»i Biáº¿t NhÆ°ng Hiá»‡u Quáº£ Cao
743,Paper reading | DETRs Beat YOLOs on Real-time Object Detection
744,Symmetric ciphers - Máº­t mÃ£ Ä‘á»‘i xá»©ng AES (pháº§n 8)
745,Hiá»ƒu HÆ¡n Vá» SQL vÃ  NoSQL
746,Tá»« Bloom Filter tá»›i Cuckoo filter vÃ  cÃ i Ä‘áº·t
747,Wordpress Plugin vÃ  nhá»¯ng lá»— há»•ng báº£o máº­t thÆ°á»ng gáº·p (Pháº§n 3)
748,HÆ°á»›ng dáº«n tá»± triá»ƒn khai trÃ¬nh theo dÃµi Page View Ä‘Æ¡n giáº£n trong React
749,5 loáº¡i biá»ƒu Ä‘á»“ giÃºp xÃ¢y dá»±ng Portfolio phÃ¢n tÃ­ch dá»¯ liá»‡u chuyÃªn nghiá»‡p
750,Chatbot AI lÃ  gÃ¬? Top 5 trang táº¡o Chatbot AI miá»…n phÃ­ vÃ  chuyÃªn nghiá»‡p
751,[Practical Series] Planning - Key pattern in Agents
752,HÆ°á»›ng Dáº«n KÃ­ch Hoáº¡t Chá»©c NÄƒng Rung TrÃªn Äiá»‡n Thoáº¡i Báº±ng JavaScript â€“ TÄƒng TÆ°Æ¡ng TÃ¡c Cho á»¨ng Dá»¥ng Web Di Äá»™ng
753,PhÃ¢n tÃ­ch CVE-2024-5932: Lá»— há»•ng PHP Object injection trong GiveWP WordPress Plugin
754,OWASP MAS má»›i nháº¥t cÃ³ gÃ¬ ğŸ”¥ ???
755,Pháº§n 2: Sá»­ dá»¥ng Ubuntu trong VsCode
756,17 CÃ´ng cá»¥ mÃ£ nguá»“n má»Ÿ cÃ³ thá»ƒ thay tháº¿ hiá»‡u quáº£ nhá»¯ng cÃ´ng cá»¥ mÃ  báº¡n biáº¿t (P2)
757,CÃ i Ä‘áº·t Ubuntu thÃ´ng qua WSL trÃªn window 11!!!
758,HÆ°á»›ng dáº«n cÃ i Ä‘áº·t Node.js trÃªn Ubuntu 22.04
759,Láº­p trÃ¬nh thá»­ nghiá»‡m (Láº­p trÃ¬nh cáº¡nh tranh) lÃ  gÃ¬? Láº­p trÃ¬nh thi Ä‘áº¥u (Competitive Programming) lÃ  gÃ¬?
760,Nháº­t kÃ½ há»c Hibernate tá»« sá»‘ 0
761,CÃ´ng nghá»‡ AI lÃ  gÃ¬? SÆ¡ lÆ°á»£c nhá»¯ng Ä‘iá»u báº¡n cáº§n biáº¿t vá» cÃ´ng nghá»‡ AI
762,DevOps Project: CI/CD Pipeline cho Microservices-Based Application dá»±a trÃªn Kubernetes
763,Tá»‘i Giáº£n Code JavaScript Vá»›i ES6: CÃ¡c Thá»§ Thuáº­t KhÃ´ng Thá»ƒ Bá» Qua
764,Tá»‘i Ä‘a hoÃ¡ sá»©c máº¡nh cá»§a LLM báº±ng viá»‡c sá»­ dá»¥ng ReAct agent
765,"Ruby Meetup #20: Clean code, Rubocop and Pronto in Ruby"
766,17 CÃ´ng cá»¥ mÃ£ nguá»“n má»Ÿ cÃ³ thá»ƒ thay tháº¿ hiá»‡u quáº£ nhá»¯ng cÃ´ng cá»¥ mÃ  báº¡n biáº¿t (P1)
767,CÃ¡c phÆ°Æ¡ng phÃ¡p kiá»ƒm thá»­
768,JavaScript NÃ¢ng Cao - Ká»³ 30 (Káº¿t)
769,Triá»ƒn vá»ng vÃ  má»©c lÆ°Æ¡ng cá»§a Data Engineer
770,#ProductJourney 1: Mock City - Äá»©ng trÃªn vai ngÆ°á»i khá»•ng lá»“
771,[Javascript] Stack vÃ  Heap siÃªu dá»… hiá»ƒu
772,XÃ¢y dá»±ng CLI há»— trá»£ AI vá»›i Golang vÃ  Google Gemini
773,"Tá»‘i Æ¯u Time to Interactive (TTI) Äá»ƒ GiÃºp Trang Web Cá»§a Báº¡n Nhanh NhÆ° ""GiÃ³"""
774,Microsoft ERP for Small Business: A Comprehensive Guide
775,CÃ¡ch Táº¡o vÃ  Cháº¡y Containers ÄÆ¡n Giáº£n
776,Nhá»¯ng Ä‘á»™t phÃ¡ má»›i nháº¥t trong Machine Learning (19/08 - 25/08/2024)
777,Top 11 Frameworks vÃ  thÆ° viá»‡n JavaScript mÃ  newbie nÃªn tÃ¬m hiá»ƒu cho nÄƒm 2024
778,Refactoring Code: LÃ m Tháº¿ NÃ o Äá»ƒ Tá»‘i Æ¯u MÃ£ Nguá»“n MÃ  KhÃ´ng GÃ¢y Ra Tháº£m Há»a?
779,Chia sáº» má»™t sá»‘ cÃ¢u há»i phá»ng váº¥n vá» SQL Database Ä‘Ã£ gáº·p
780,CHIA Sáºº SOURCE CODE Báº¢N LIVE MAPS â€“ GIáº¢I PHÃP Má» Rá»˜NG Tá»ª GOONG MAPS CHO DEVELOPER
781,Design pattern - Prototype
782,LÃ½ thyáº¿t Ä‘á»“ thá»‹ trong Thuáº­t ToÃ¡n (P2)
783,Thiáº¿t Láº­p MÃ´i TrÆ°á»ng CakePHP Vá»›i Docker
784,First Contentful Paint (FCP): LÃ m Sao Äá»ƒ Trang Web Cá»§a Báº¡n Táº£i Nhanh NhÆ° Chá»›p?
785,CÃ´ng cá»¥ hiá»‡u suáº¥t: 7 á»©ng dá»¥ng quáº£n lÃ½ tÃ¡c vá»¥ khÃ´ng thá»ƒ thiáº¿u!
786,Vector Database vá»›i Milvus
787,ÄÄ‚NG KÃ TÃ€I KHOáº¢N VÃ€ Táº O KEY GOONG
788,TÃ³m táº¯t ngáº¯n gá»n HateBERT: CÃ´ng cá»¥ AI chá»‘ng láº¡i ngÃ´n ngá»¯ thÃ¹ háº­n trá»±c tuyáº¿n
789,Quáº£n lÃ½ dá»¯ liá»‡u tá»•ng thá»ƒ vÃ  nhá»¯ng Ä‘iá»u cáº§n biáº¿t
790,JavaScript NÃ¢ng Cao - Ká»³ 29
791,LÃ½ thuyáº¿t Äá»“ Thá»‹ trong Thuáº­n ToÃ¡n (PI)
792,[AWS Log Insight] Má»™t sá»‘ patterns vÃ  usecase phá»• biáº¿n sá»­ dá»¥ng Ä‘á»ƒ filter log hiá»‡u quáº£ trÃªn AWS Log Insight
793,TCP/IP Model in computer network - MÃ´ hÃ¬nh TCP/IP trong máº¡ng mÃ¡y tÃ­nh
794,Middleware trong NestJS
795,Redis Publish/Subscribe with Golang
796,Python Guru Series ğŸğŸğŸ - Part 5: Láº­p trÃ¬nh báº¥t Ä‘á»“ng bá»™ trong Python
797,Full-stack Dart App - why not ?
798,Geotag lÃ  gÃ¬ vÃ  táº¡i sao nÃ³ láº¡i quan trá»ng?
799,Paper reading | Masked Motion Encoding for Self-Supervised Video Representation Learning
800,Giáº£i quyáº¿t cÃ¡c cuá»™c táº¥n cÃ´ng DDOS báº±ng Redis Rate Limiting
801,Java cÆ¡ báº£n vá»›i vÃ­ dá»¥ trá»±c quan
802,Building a Microservice Architecture with Kafka: An E-commerce Example
803,JSON Web Token (JWT) lÃ  gÃ¬? XÃ¡c thá»±c vÃ  á»§y quyá»n vá»›i JWT
804,Symmetric ciphers - Máº­t mÃ£ Ä‘á»‘i xá»©ng AES (pháº§n 7)
805,Top 5 tÃ­nh nÄƒng Ã­t ngÆ°á»i dÃ¹ng cá»§a HTML nhÆ°ng cá»±c ká»³ há»¯u Ã­ch
806,Má»©c lÆ°Æ¡ng Power BI Developer nÄƒm 2024
807,Research on association rules
808,SPA vá»›i Vue vÃ  Rails
809,TÆ° Duy Äá»™t PhÃ¡ Vá» TypeScript: Hiá»ƒu RÃµ Há»‡ Thá»‘ng Kiá»ƒu Dá»¯ Liá»‡u Qua LÄƒng KÃ­nh Táº­p Há»£p
810,5 lÃ½ do táº¡i sao Kubernetes sáº½ tÄƒng cÆ°á»ng viá»‡c triá»ƒn khai Ä‘Ã¡m mÃ¢y cá»§a báº¡n
811,Æ¯u vÃ  nhÆ°á»£c Ä‘iá»ƒm cá»§a Xamarin so vá»›i phÃ¡t triá»ƒn á»©ng dá»¥ng di Ä‘á»™ng gá»‘c
812,[Cryptography p12] HÃ m bÄƒm SHA256
813,JavaScript NÃ¢ng Cao - Ká»³ 28
814,Design pattern - Abstract factory implement trong Spring vÃ  Java khÃ¡c gÃ¬ nhau
815,ChÃ­nh thá»©c cÃ´ng bá»‘ Thá»ƒ lá»‡ chi tiáº¿t Write & Inspire Blogathon - Sá»± kiá»‡n tÃ¬m kiáº¿m nhá»¯ng Trendsetters trÃªn Viblo
816,Kiáº¿n thá»©c cÆ¡ báº£n vá» 1 sá»‘ thÃ nh pháº§n hay sá»­ dá»¥ng trong AWS
817,PhÃ¡t triá»ƒn á»©ng dá»¥ng Ä‘Ã¡m mÃ¢y: Xu hÆ°á»›ng vÃ  cÃ´ng nghá»‡
818,CÃ¡ch tá»‘i Æ°u hÃ³a React Ä‘á»ƒ Ä‘áº¡t hiá»‡u suáº¥t lÃ m viá»‡c tá»‘i Ä‘a
819,CÃ¡c Váº¥n Äá» Thá»±c Táº¿ Khi Há»‡ Thá»‘ng Bá»‹ QuÃ¡ Táº£i MÃ  Ãt Ai Chia Sáº»
820,[React][React Signify] Cáº¥u trÃºc dá»± Ã¡n ReactJS
821,PHP 8.4 Giá»›i Thiá»‡u HÃ m array_find: CÃ¡ch TÃ¢n hay Chá»‰ LÃ  Thá»§ Thuáº­t?
822,Tráº£i nghiá»‡m Google Foobar - cÃ¡ch tuyá»ƒn dá»¥ng  láº­p trÃ¬nh viÃªn sÃ¡ng táº¡o cá»§a  Google
823,top 10 phÆ°Æ¡ng phÃ¡p Tá»‘t Nháº¥t Trong JavaScript Äá»ƒ Viáº¿t Code JavaScript Sáº¡ch vÃ  Dá»… Hiá»ƒu HÆ¡n - Viblo
824,LiÃªÌ£u Business Analyst coÌ triÃªÌ‰n voÌ£ng trong liÌƒnh vÆ°Ì£c Blockchain khÃ´ng?
825,Nhá»¯ng Ä‘á»™t phÃ¡ má»›i nháº¥t trong Machine Learning (12/08 - 18/08/2024)
826,Top nhá»¯ng chi phÃ­ áº©n cá»§a cÃ¡c Cloud Provider - cÃ¡i giÃ¡ pháº£i tráº£ cho sá»± ngooo ngá»‘k : ))
827,XÃ¢y dá»±ng cÆ¡ cháº¿ xá»­ lÃ½ ngoáº¡i lá»‡ hiá»‡u quáº£ trong Java
828,Tá»”NG QUAN Vá»€ GOONG VÃ€ CÃC Dá»ŠCH Vá»¤ CUNG Cáº¤P
829,LÃ m rÃµ sá»± khÃ¡c biá»‡t giá»¯a toÃ¡n tá»­ ?? vÃ  || trong JavaScript
830,30 CÃ‚U Há»I PHá»NG Váº¤N SQL SERVER â€“ 2024
831,Tá»•ng há»£p cÃ¡c loáº¡i tÃ i liá»‡u Business Analyst cáº§n chuáº©n bá»‹
832,15 hÃ m JavaScript báº¯t buá»™c pháº£i thÃ nh tháº¡o náº¿u muá»‘n trá»Ÿ thÃ nh láº­p trÃ¬nh viÃªn Super Vip Pro
833,Kiá»ƒm thá»­ Ä‘áº§u cuá»‘i (End to End testing) lÃ  gÃ¬?
834,[Cryptography p11] HÃ m bÄƒm MD5
835,JavaScript NÃ¢ng Cao - Ká»³ 27
836,Kotlin Flow cheat sheet pháº§n 3: SharedFlow vÃ  StateFlow
837,"Block, Proc vÃ  Lambdas trong Ruby"
838,Kotlin Flow cheat sheet pháº§n 2: Flow
839,Kotlin Flow cheat sheet pháº§n 1: Channel
840,User-Agent trong giao tiáº¿p giá»¯a cÃ¡c Service
841,Transmission modes in computer networks - CÃ¡c cháº¿ Ä‘á»™ truyá»n dáº«n trong máº¡ng mÃ¡y tÃ­nh
842,PhÃ¢n tÃ­ch One-Day CVE-2023-36845 Juniper Attack
843,OOP (Oriented Object Programming - OOP) Part 1
844,Python Guru Series ğŸğŸğŸ - Part 4: Concurrency Programming trong Python
845,TOP 30 cÃ¢u há»i phá»ng váº¥n PySpark 2024
846,CISSP vÃ  cÃ¡ch chinh phá»¥c trong hÆ¡n 2 thÃ¡ng (2024)
847,Public ( class )
848,Two Pointers
849,Design pattern - VÃ o thÆ° viá»‡n tÃ¬m Factory method
850,CÃ¡ch add host trÃªn ubuntu vÃ  win
851,So sÃ¡nh Objective-C vÃ  Swift trong iOS development
852,CÃ¹ng mÃ¬nh khÃ¡m PhÃ¡ Nhá»¯ng TÃ­nh NÄƒng Má»›i Trong TypeScript 5.5
853,Nhá»¯ng yáº¿u tá»‘ thuáº­t toÃ¡n xáº¿p háº¡ng Google má»›i nháº¥t Ä‘Æ°á»£c tiáº¿t lá»™
854,Require hay Import - Khi nÃ o nÃªn sá»­ dá»¥ng trong JavaScript?
855,CÃ i Ä‘áº·t zabbix trÃªn ubuntu 22.04
856,Multi-agent tendency in solving AI shopping problems
857,"[1.2] Äá»‹nh nghÄ©a, phÃ¢n loáº¡i vÃ  cÃ¡c khÃ¡i niá»‡m trong Há»‡ Ä‘iá»u hÃ nh"
858,Nhá»¯ng Ä‘á»™t phÃ¡ má»›i nháº¥t trong Machine Learning (05/08 - 11/08/2024)
859,Sá»± khÃ¡c biá»‡t giá»¯a Kubernetes Controller vÃ  Kubernetes Operator lÃ  gÃ¬?
860,10 Thá»§ thuáº­t JavaScript mÃ  báº¡n Æ°á»›c ráº±ng giÃ¡ nhÆ° biáº¿t Ä‘Æ°á»£c sá»›m hÆ¡n (P2)
861,[Cryptography p10] Trao Ä‘á»•i khÃ³a an toÃ n vá»›i ECDH
862,JavaScript NÃ¢ng Cao - Ká»³ 26
863,PhÃ¢n quyá»n Router trong VueJS vá»›i Vue-Router
864,[1.1] KhÃ¡i niá»‡m Há»‡ Äiá»u HÃ nh
865,HÆ°á»›ng dáº«n cÃ¡ch tá»± build 1 con AI Ä‘á»ƒ nghá»‹ch ngá»£m
866,10 Thá»§ thuáº­t JavaScript mÃ  báº¡n Æ°á»›c ráº±ng giÃ¡ nhÆ° biáº¿t Ä‘Æ°á»£c sá»›m hÆ¡n (P1)
867,Oracle APEX vÃ  tÃ­nh há»¯u dá»¥ng cá»§a nÃ³
868,"7 CÃ´ng Cá»¥ ÄÃ¡ng Thá»­, Báº¡n ÄÃ£ DÃ¹ng ChÆ°a?"
869,CÃ¡ch táº¡o mÃ¡y chá»§ Ä‘Ã¡m mÃ¢y cho nhiá»u dá»± Ã¡n trong AWS
870,CÃ¡ch tÃ¬m giÃ¡ trá»‹ tá»‘i Ä‘a trong Spring Data JPA
871,24 cÃ¢u há»i phá»ng váº¥n Power BI thÆ°á»ng gáº·p dÃ nh cho Fresher cÃ³ Ä‘Ã¡p Ã¡n (Pháº§n 2)
872,CÃ¡ch tÄƒng tá»‘c trang web cá»§a báº¡n vá»›i Azure CDN
873,23 CÃ´ng cá»¥ trá»±c quan hÃ³a dá»¯ liá»‡u tá»‘t nháº¥t 2024 (Pháº§n 1)
874,Sá»­ dá»¥ng Instrument Ä‘á»ƒ phÃ¢n tÃ­ch App Launch trong iOS
875,[React][React Signify] Quáº£n lÃ½ Global State siÃªu Ä‘Æ¡n giáº£n
876,Kiá»ƒm tra xem má»™t biáº¿n cÃ³ pháº£i lÃ  Null hay khÃ´ng báº±ng cÃ¡ch sá»­ dá»¥ng Hamcrest
877,Layered architecture - kiáº¿n trÃºc quá»‘c dÃ¢n
878,Locust cho microservices testing
879,Tá»‘i Æ°u hÃ³a viá»‡c lá»c dá»¯ liá»‡u vá»›i Java 8 Predicates
880,"Accordion báº±ng HTML+CSS, JS ra chá»— khÃ¡c chÆ¡i"
881,[Cryptography p9] Trao Ä‘á»•i khÃ³a an toÃ n vá»›i Diffie-Hellman
882,10 NGÃ”N NGá»® Láº¬P TRÃŒNH AI HÃ€NG Äáº¦U CHO NGÆ¯á»œI Má»šI Báº®T Äáº¦U
883,JavaScript NÃ¢ng Cao - Ká»³ 25
884,Kotlin Coroutines cheat sheet nÃ¢ng cao dÃ nh cho Android Engineer
885,Hiá»ƒu rÃµ Access Modifiers trong 5 phÃºt
886,API Gateway vÃ  Loading balancer: KhÃ¡i niá»‡m cÆ¡ báº£n vÃ  á»¨ng dá»¥ng trong Kiáº¿n trÃºc Microservices
887,CÃ¡c NguyÃªn Táº¯c CÆ¡ Báº£n Vá» Routing (Äá»‹nh Tuyáº¿n) trong NextJS - BÃ i 4
888,5 Tiá»‡n Ãch Má»Ÿ Rá»™ng VS Code Cáº§n CÃ³ Äá»ƒ TÄƒng Hiá»‡u Quáº£ Láº­p TrÃ¬nh Cá»§a Báº¡n
889,[Paper reading] Rethinking Table Recognition using Graph Neural Networks
890,"API, RESTful LÃ  GÃ¬? KhÃ¡i Niá»‡m vÃ  CÃ¡ch Thá»©c Hoáº¡t Äá»™ng"
891,Scheduling Jobs trong Microservices vÃ  vÃ­ dá»¥ minh há»a
892,Symmetric ciphers - Máº­t mÃ£ Ä‘á»‘i xá»©ng AES (pháº§n 6)
893,Nháº­p mÃ´n Reinforcement Learning: Tabular Methods.
894,Táº¡i sao nÃªn lá»±a chá»n MEAN Stack cho láº­p trÃ¬nh Web App?
895,Nhá»¯ng Ä‘iá»u cáº§n biáº¿t vá» Analytics Engineer
896,PUT hay PATCH: LÃ m rÃµ sá»± khÃ¡c biá»‡t
897,TriÃªÌ‰n khai Web Application Firewall (WAF) trÃªn Amazon Web Service (AWS)
898,Táº£n máº¡n vá» Liquibase vÃ  cÃ¡ch tÃ­ch há»£p vÃ o á»©ng dá»¥ng Spring Boot
899,Laravel VS Symfony: Which PHP Frameworks Did You Choose For Your Framework?
900,Top 10 Reasons to Choose Laravel for Website Development in 2024
901,Táº¡i sao TypeScript láº¡i vÃ´ cÃ¹ng cáº§n thiáº¿t trong phÃ¡t triá»ƒn website ngÃ y nay?
902,[Cryptography p8] Chá»¯ kÃ½ Ä‘iá»‡n tá»­ RSA
903,Top 4 Al Tools cho Data Analysis
904,JavaScript NÃ¢ng Cao - Ká»³ 24
905,Char vÃ  String: Quáº£n lÃ½ máº­t kháº©u trong á»©ng dá»¥ng
906,ğŸš€ ğ…ğ«ğ¨ğ§ğ­ğğ§ğ ğğğ«ğŸğ¨ğ«ğ¦ğšğ§ğœğ - Call API on demand - IntersectionObserver
907,Con Ä‘Æ°á»ng trá»Ÿ thÃ nh Data Engineer
908,AI cÃ³ tÃ¡c Ä‘á»™ng nhÆ° tháº¿ nÃ o trong Quáº£n lÃ½ Dá»± Ã¡n?
909,CÃ¡ch Thiáº¿t Láº­p Nhanh MÃ´i TrÆ°á»ng PhÃ¡t Triá»ƒn Rails
910,CÃ¡c má»©c Ä‘á»™ kiá»ƒm thá»­ pháº§n má»m
911,Readiness and Liveness checks trong Kubernetes
912,[Gitflow] Xá»­ lÃ½ conflict nhÃ¡nh hotfix vÃ  develop
913,Má»™t sá»‘ mÃ´ hÃ¬nh phÃ¡t triá»ƒn pháº§n má»m
914,Nhá»¯ng Ä‘á»™t phÃ¡ má»›i nháº¥t trong Machine Learning (29/07 - 04/08/2024)
915,69 khÃ¡i niá»‡m kinh Ä‘iá»ƒn trong hÃ nh trÃ¬nh 10 nÄƒm phÃ¡t triá»ƒn cá»§a NLP - Pháº§n 1 - Giai Ä‘oáº¡n 2014 - 2018
916,HÆ°á»›ng dáº«n cÆ¡ báº£n vá» Cheat Engine - Chinh phá»¥c thá»­ thÃ¡ch cuá»‘i cÃ¹ng trong CE game tutorial (Pháº§n 5)
917,NextCloud lÃ  gÃ¬? Biáº¿n VPS thÃ nh Cloud Storage vá»›i NextCloud
918,XÃ¢y dá»±ng Viblo Interview - Tá»« Ã½ tÆ°á»Ÿng Ä‘áº¿n dá»‹ch vá»¥ Ä‘áº§u tiÃªn tá»•ng há»£p cÃ¢u há»i phá»ng váº¥n dÃ nh cho IT-er (Pháº§n 2)
919,AWS WAF lÃ  gÃ¬? CÃ´ng cá»¥ báº£o máº­t trang web tá»« Ã”ng lá»›n cÃ´ng nghá»‡ toÃ n cáº§u 2024
920,Nháº­n diá»‡n vÃ  Ä‘á»‘i Ä‘áº§u vá»›i data drift trong MLOps pipeline
921,Sá»­ Dá»¥ng AWS Glue Data Catalog vÃ  Athena Äá»ƒ ÄÆ¡n Giáº£n HÃ³a Quáº£n LÃ½ vÃ  Truy Váº¥n Dá»¯ Liá»‡u
922,Python Guru Series ğŸğŸğŸ - Part 3: Global Interpreter Lock (GIL)
923,Nhá»¯ng bÃ i há»c tÃ´i rÃºt ra tá»« nhá»¯ng sai sÃ³t vá» cÆ¡ sá»Ÿ dá»¯ liá»‡u cá»§a mÃ¬nh
924,ğŸš€ ğ…ğ«ğ¨ğ§ğ­ğğ§ğ ğğğ«ğŸğ¨ğ«ğ¦ğšğ§ğœğ - Tá»‘i Æ°u Long Task trong JavaScript
925,[Cryptography p7] Chá»¯ kÃ½ Ä‘iá»‡n tá»­ ECDSA
926,NghiÃªn cá»©u vá» kiáº¿n trÃºc vÃ  cÃ¡ch tá»‘i Æ°u MySQL
927,JavaScript NÃ¢ng Cao - Ká»³ 23
928,Roudncube XSS qua thuá»™c tÃ­nh SVG
929,TÃ­nh nháº¥t quÃ¡n vÃ  Ä‘á»™ tin cáº­y trong há»‡ thá»‘ng Message Broker
930,[React][React Signify] Quáº£n lÃ½ Global State  chuyÃªn nghiá»‡p
931,Soft Delete vÃ  á»©ng dá»¥ng cá»§a nÃ³ trong Spring Boot
932,Line configuration in computer networks - Cáº¥u hÃ¬nh Ä‘Æ°á»ng truyá»n trong máº¡ng mÃ¡y tÃ­nh
933,Nhá»¯ng bÃ i bÃ¡o vá» ML Ä‘Ã¡ng chÃº Ã½ tá»« ngÃ y 22 - 28/07/2024
934,HÆ°á»›ng dáº«n cÃ¡ch thÃªm liÃªn káº¿t CDN vÃ o Ä‘oáº¡n code HTML
935,Deploy web application trÃªn Ubuntu server vá»›i Nginx
936,Tá»« PHP sang Golang sáº½ nhÆ° tháº¿ nÃ o?
937,Tá»± Ä‘á»™ng táº¯t bÃ n phÃ­m laptop khi gáº¯n bÃ n phÃ­m rá»i trÃªn Linux
938,KiÌƒ thuÃ¢Ì£t stack Ä‘Æ¡n Ä‘iÃªÌ£u
939,Láº­p trÃ¬nh á»©ng dá»¥ng WPF vá»›i kiáº¿n trÃºc Plugin
940,XÃ¢y dá»±ng Viblo Interview - Tá»« Ã½ tÆ°á»Ÿng Ä‘áº¿n dá»‹ch vá»¥ Ä‘áº§u tiÃªn tá»•ng há»£p cÃ¢u há»i phá»ng váº¥n dÃ nh cho IT-er (Pháº§n 1)
941,Máº¹o sá»­ dá»¥ng GraphQL Ä‘á»ƒ giÃºp API sáº¡ch vÃ  hiá»‡u quáº£
942,JavaScript Map and Set
943,"PHP, Káº» Chá»‹u TrÃ¡ch Nhiá»‡m YÃªu ThÃ­ch cá»§a Internet"
944,React.memo vÃ  Shallow Compare
945,Performance Testing: Ensuring Optimal Software Performance
946,Python Guru Series ğŸğŸğŸ - Part 2: CÃ¡c trÃ¬nh thÃ´ng dá»‹ch trong Python
947,Chiáº¿n lÆ°á»£c backup dá»¯ liá»‡u 3-2-1
948,NÃ¢ng cao Ä‘á»™ á»•n Ä‘á»‹nh cá»§a há»‡ thá»‘ng Microservice vá»›i máº«u Bulkhead
949,Báº¡n cÃ³ nÃªn sá»­ dá»¥ng CDN trong Rails hay khÃ´ng?
950,"CÃ¡c loáº¡i CDN phá»• biáº¿n vÃ  cÃ¡ch setup trÃªn Vue, React"
951,JavaScript NÃ¢ng Cao - Ká»³ 22
952,NÃ¢ng cao hiá»‡u suáº¥t RAG cá»§a báº¡n vá»›i Tavily Search API
953,TÃ´i Ä‘Ã£ thi chá»©ng chá»‰ Terraform Associate 003 nhÆ° tháº¿ nÃ o?
954,9 BÆ°á»›c Ä‘á»ƒ trá»Ÿ thÃ nh Data Analyst dÃ¹ khÃ´ng cÃ³ kinh nghiá»‡m
955,Má»™t vÃ i nhá»¯ng vulnerable gáº§n Ä‘Ã¢y cá»§a Whatsup Gold
956,ToÃ¡n Tá»« Mongodb P1
957,Quy trÃ¬nh phÃ¡t triá»ƒn vÃ  kiá»ƒm thá»­ pháº§n má»m
958,MÃ¬nh Ä‘Ã£ bá» sÃ³t lá»—i khi tÃ¬m kiáº¿m lá»— há»•ng báº£o máº­t (Pháº§n 1)
959,Báº­t mÃ­ cÃ¡c Best practices hay nháº¥t dÃ nh cho Reactjs Ä‘á»ƒ cáº£i thiá»‡n kháº£ nÄƒng code cá»§a báº¡n
960,ToÃ n táº­p vá» LangGraph.js (Pháº§n 2)
961,"Dastardly, cÃ´ng cá»¥ scan lá»— há»•ng báº£o máº­t: tá»± Ä‘á»™ng, nhanh, nháº¹, miá»…n phÃ­ cá»§a PortSwigger"
962,"CÃ¢n báº±ng tÃ­nh nháº¥t quÃ¡n, kháº£ dá»¥ng vÃ  dung sai phÃ¢n vÃ¹ng trong há»‡ thá»‘ng phÃ¢n tÃ¡n."
963,Giá»›i thiá»‡u vá» Pydantic: ÄÆ¡n giáº£n hoÃ¡ viá»‡c xÃ¡c thá»±c dá»¯ liá»‡u trong Python
964,PhÃ¢n tÃ­ch dá»¯ liá»‡u chuá»—i thá»i gian vá»›i Python
965,RAG 2.0: Má»™t sá»‘ ká»¹ thuáº­t Ä‘Æ°á»£c Ä‘á» cáº­p Ä‘á»ƒ cáº£i thiá»‡n thÃªm vá» RAG - Tiáº¿p
966,RAG 2.0: Má»™t sá»‘ ká»¹ thuáº­t Ä‘Æ°á»£c Ä‘á» cáº­p Ä‘á»ƒ cáº£i thiá»‡n thÃªm vá» RAG
967,"Nháº­p mÃ´n Reinforcement Learning: á»¨ng dá»¥ng ,nhá»¯ng Ä‘iá»u cáº§n biáº¿t vÃ  nhá»¯ng lÃ½ thuyáº¿t cÆ¡ báº£n."
968,KeyBERT: TrÃ­ch xuáº¥t tá»« khÃ³a má»™t cÃ¡ch dá»… dÃ ng
969,Táº¡i sao láº¡i sá»­ dá»¥ng useState thay vÃ¬ chá»‰ sá»­ dá»¥ng biáº¿n trong React
970,ToÃ n táº­p vá» LangGraph.js (Pháº§n 1)
971,Key Differences Between Full Stack and MEAN/MERN Stack Development
972,"XÃ¡c thá»±c, á»§y quyá»n cho Mosquitto Broker dá»±a trÃªn Plugin mosquitto-go-auth vÃ  MySQL (Part 2)"
973,GraphRAG - Má»™t sá»± nÃ¢ng cáº¥p má»›i cá»§a RAG truyá»n thá»‘ng chÄƒng?
974,MÃ´Ì£t sÃ´Ì Viewpoint test cÆ¡ baÌ‰n
975,Triá»ƒn khai Mosquitto Broker trÃªn Ubuntu Server 22.04 vÃ  tÃ­ch há»£p cÆ¡ cháº¿ xÃ¡c thá»±c á»§y quyá»n (Part 1)
976,Must Explore Tips to Hire a Dedicated Developer for the Web Development
977,Mysql - Index optimization check list
978,[Chromecast] Debug Cast receiver Google  Chrome cast receiver with react native app
979,[Cryptography p6] Há»‡ máº­t Elliptic curve
980,"Design Pattern cÃ¹ng Flutter. Táº­p 6: Strategy - ""Chiáº¿n lÆ°á»£c toÃ n nÄƒng"""
981,JavaScript NÃ¢ng Cao - Ká»³ 21
982,HÃ nh trÃ¬nh giáº£i 555 bÃ i LeetCode
983,MongoDB Data Types What is Date and ISODate in MongoDB
984,From SQLAIchemy to Migrate database in project (Part 1)
985,Information Retrieval: Káº¿t há»£p káº¿t quáº£ cá»§a nhiá»u mÃ´ hÃ¬nh ranking (RRF)
986,CÃ”NG Cá»¤ AI Táº O WEBSITE MIá»„N PHÃ dÃ nh cho dÃ¢n No Code
987,"Python Guru Series ğŸğŸğŸ - Part 1: Python má»™t ngÃ´n ngá»¯ linh hoáº¡t, Ä‘a nÄƒng"
988,Unlocking the Power of WebSockets: A Deep Dive into Real-Time Web Communication
989,"Design Pattern cÃ¹ng Flutter. Táº­p 5: Composite - ""ChÃºng sinh bÃ¬nh Ä‘áº³ng"""
990,Thiáº¿t Láº­p MÃ´i TrÆ°á»ng PhÃ¡t Triá»ƒn PHP
991,Top Benefits of Using Kentico CMS for Your Website
992,Thiáº¿t láº­p mÃ´i trÆ°á»ng vá»›i Rust: Tá»« cÃ i Ä‘áº·t Ä‘áº¿n Hello World
993,Chia Sáº» Trá»±c Tiáº¿p BÃ i HÃ¡t Äang Nghe LÃªn Website Vá»›i Spotify API
994,DNS vÃ  Route 53 trÃªn AWS (Pháº§n 2) - CÃ¡c khÃ¡i niá»‡m cÆ¡ báº£n vá» Route 53
995,Types of transmission media in computer network - PhÆ°Æ¡ng tiá»‡n truyá»n dáº«n trong máº¡ng mÃ¡y tÃ­nh
996,Tá»‘i Æ°u App Launch trong iOS
997,Snowflake lÃ  gÃ¬ vÃ  cÃ¡ch káº¿t ná»‘i vá»›i Python
998,LÃ m Tháº¿ NÃ o Embeddings Thay Äá»•i CÃ¡ch AI Hiá»ƒu Vá» NgÃ´n Ngá»¯?
999,"Ra máº¯t mÃ´ hÃ¬nh â€œmÃ£ nguá»“n má»Ÿâ€ lÃªn tá»›i 405 tá»‰ tham sá»‘, Meta AI kiáº¿m tiá»n báº±ng cÃ¡ch nÃ o?"
